SlNo,State_Code,State,District_Key,District,Confirmed,Active,Recovered,Deceased,Migrated_Other,Delta_Confirmed,Delta_Active,Delta_Recovered,Delta_Deceased,District_Notes,Last_Updated
0,UN,State Unassigned,UN_Unassigned,Unassigned,0,0,0,0,0,0,0,0,0,,
1,AN,Andaman and Nicobar Islands,AN_Nicobars,Nicobars,0,0,0,0,0,0,0,0,0,District-wise numbers are out-dated as cumulative counts for each district are not reported in bulletin,
2,AN,Andaman and Nicobar Islands,AN_North and Middle Andaman,North and Middle Andaman,1,0,1,0,0,0,0,0,0,District-wise numbers are out-dated as cumulative counts for each district are not reported in bulletin,
3,AN,Andaman and Nicobar Islands,AN_South Andaman,South Andaman,51,19,32,0,0,0,0,0,0,District-wise numbers are out-dated as cumulative counts for each district are not reported in bulletin,
0,AP,Andhra Pradesh,AP_Foreign Evacuees,Foreign Evacuees,434,0,434,0,0,0,0,0,0,,
4,AP,Andhra Pradesh,AP_Anantapur,Anantapur,65029,1158,63302,569,0,0,0,0,0,,
5,AP,Andhra Pradesh,AP_Chittoor,Chittoor,79643,2215,76640,788,0,0,0,0,0,,
6,AP,Andhra Pradesh,AP_East Godavari,East Godavari,117207,4391,112201,615,0,0,0,0,0,,
7,AP,Andhra Pradesh,AP_Guntur,Guntur,68386,3170,64589,627,0,0,0,0,0,,
8,AP,Andhra Pradesh,AP_Krishna,Krishna,40473,3009,36887,577,0,0,0,0,0,,
9,AP,Andhra Pradesh,AP_Kurnool,Kurnool,59600,279,58839,482,0,0,0,0,0,,
0,AP,Andhra Pradesh,AP_Other State,Other State,2461,0,2461,0,0,0,0,0,0,,
10,AP,Andhra Pradesh,AP_Prakasam,Prakasam,60089,1038,58478,573,0,0,0,0,0,,
11,AP,Andhra Pradesh,AP_S.P.S. Nellore,S.P.S. Nellore,59872,270,59115,487,0,0,0,0,0,,
12,AP,Andhra Pradesh,AP_Srikakulam,Srikakulam,44300,662,43296,342,0,0,0,0,0,,
13,AP,Andhra Pradesh,AP_Visakhapatnam,Visakhapatnam,56270,1684,54074,512,0,0,0,0,0,,
14,AP,Andhra Pradesh,AP_Vizianagaram,Vizianagaram,39592,309,39053,230,0,0,0,0,0,,
15,AP,Andhra Pradesh,AP_West Godavari,West Godavari,87210,2136,84572,502,0,0,0,0,0,,
16,AP,Andhra Pradesh,AP_Y.S.R. Kadapa,Y.S.R. Kadapa,52642,1117,51085,440,0,0,0,0,0,,
17,AR,Arunachal Pradesh,AR_Anjaw,Anjaw,172,9,163,0,0,0,0,0,0,,
18,AR,Arunachal Pradesh,AR_Changlang,Changlang,1149,21,1125,3,0,0,0,0,0,,
19,AR,Arunachal Pradesh,AR_East Kameng,East Kameng,301,1,300,0,0,0,0,0,0,,
20,AR,Arunachal Pradesh,AR_East Siang,East Siang,955,67,884,4,0,0,0,0,0,,
21,AR,Arunachal Pradesh,AR_Kamle,Kamle,28,3,25,0,0,0,0,0,0,,
22,AR,Arunachal Pradesh,AR_Kra Daadi,Kra Daadi,35,3,32,0,0,0,0,0,0,,
23,AR,Arunachal Pradesh,AR_Kurung Kumey,Kurung Kumey,113,6,107,0,0,0,0,0,0,,
24,AR,Arunachal Pradesh,AR_Lepa Rada,Lepa Rada,195,17,178,0,0,0,0,0,0,,
25,AR,Arunachal Pradesh,AR_Lohit,Lohit,546,34,512,0,0,0,0,0,0,,
26,AR,Arunachal Pradesh,AR_Longding,Longding,237,15,222,0,0,0,0,0,0,,
27,AR,Arunachal Pradesh,AR_Lower Dibang Valley,Lower Dibang Valley,386,44,342,0,0,0,0,0,0,,
28,AR,Arunachal Pradesh,AR_Lower Siang,Lower Siang,273,1,272,0,0,0,0,0,0,,
29,AR,Arunachal Pradesh,AR_Lower Subansiri,Lower Subansiri,356,47,308,1,0,0,0,0,0,,
30,AR,Arunachal Pradesh,AR_Namsai,Namsai,384,50,330,4,0,0,0,0,0,,
31,AR,Arunachal Pradesh,AR_Pakke Kessang,Pakke Kessang,118,11,107,0,0,0,0,0,0,,
32,AR,Arunachal Pradesh,AR_Papum Pare,Papum Pare,6351,968,5362,21,0,0,0,0,0,,
33,AR,Arunachal Pradesh,AR_Shi Yomi,Shi Yomi,37,8,29,0,0,0,0,0,0,,
34,AR,Arunachal Pradesh,AR_Siang,Siang,117,22,95,0,0,0,0,0,0,,
35,AR,Arunachal Pradesh,AR_Tawang,Tawang,387,37,349,1,0,0,0,0,0,,
36,AR,Arunachal Pradesh,AR_Tirap,Tirap,543,28,514,1,0,0,0,0,0,,
37,AR,Arunachal Pradesh,AR_Upper Dibang Valley,Upper Dibang Valley,23,2,21,0,0,0,0,0,0,,
38,AR,Arunachal Pradesh,AR_Upper Siang,Upper Siang,300,37,263,0,0,0,0,0,0,,
39,AR,Arunachal Pradesh,AR_Upper Subansiri,Upper Subansiri,428,40,387,1,0,0,0,0,0,,
40,AR,Arunachal Pradesh,AR_West Kameng,West Kameng,738,85,649,4,0,0,0,0,0,,
41,AR,Arunachal Pradesh,AR_West Siang,West Siang,988,89,896,3,0,0,0,0,0,,
0,AS,Assam,AS_Airport Quarantine,Airport Quarantine,13,0,13,0,0,0,0,0,0,,
42,AS,Assam,AS_Baksa,Baksa,687,234,447,6,0,0,0,0,0,,
43,AS,Assam,AS_Barpeta,Barpeta,1121,88,1024,9,0,0,0,0,0,,
44,AS,Assam,AS_Biswanath,Biswanath,467,82,379,6,0,0,0,0,0,,
45,AS,Assam,AS_Bongaigaon,Bongaigaon,1303,464,834,5,0,0,0,0,0,,
46,AS,Assam,AS_Cachar,Cachar,6216,4683,1498,35,0,0,0,0,0,,
47,AS,Assam,AS_Charaideo,Charaideo,113,-2,105,10,0,0,0,0,0,,
48,AS,Assam,AS_Chirang,Chirang,280,54,219,7,0,0,0,0,0,,
49,AS,Assam,AS_Darrang,Darrang,1967,219,1730,18,0,0,0,0,0,,
50,AS,Assam,AS_Dhemaji,Dhemaji,765,317,440,8,0,0,0,0,0,,
51,AS,Assam,AS_Dhubri,Dhubri,1723,497,1215,11,0,0,0,0,0,,
52,AS,Assam,AS_Dibrugarh,Dibrugarh,9486,6988,2409,89,0,0,0,0,0,,
53,AS,Assam,AS_Dima Hasao,Dima Hasao,237,37,199,1,0,0,0,0,0,,
54,AS,Assam,AS_Goalpara,Goalpara,658,38,568,6,0,0,0,0,0,,
55,AS,Assam,AS_Golaghat,Golaghat,3803,2104,1656,43,0,0,0,0,0,,
56,AS,Assam,AS_Hailakandi,Hailakandi,1632,509,1116,7,0,0,0,0,0,,
57,AS,Assam,AS_Hojai,Hojai,1646,472,1160,14,0,0,0,0,0,,
58,AS,Assam,AS_Jorhat,Jorhat,8771,6971,1752,48,0,0,0,0,0,,
59,AS,Assam,AS_Kamrup,Kamrup,4590,2486,2074,30,0,0,0,0,0,,
60,AS,Assam,AS_Kamrup Metropolitan,Kamrup Metropolitan,47704,32975,14599,130,0,0,0,0,0,,
61,AS,Assam,AS_Karbi Anglong,Karbi Anglong,632,70,552,10,0,0,0,0,0,,
62,AS,Assam,AS_Karimganj,Karimganj,1200,219,955,26,0,0,0,0,0,,
63,AS,Assam,AS_Kokrajhar,Kokrajhar,408,43,353,12,0,0,0,0,0,,
64,AS,Assam,AS_Lakhimpur,Lakhimpur,3006,1848,1135,23,0,0,0,0,0,,
65,AS,Assam,AS_Majuli,Majuli,165,79,80,6,0,0,0,0,0,,
66,AS,Assam,AS_Morigaon,Morigaon,638,73,557,8,0,0,0,0,0,,
67,AS,Assam,AS_Nagaon,Nagaon,4515,1986,2506,23,0,0,0,0,0,,
68,AS,Assam,AS_Nalbari,Nalbari,948,106,828,14,0,0,0,0,0,,
0,AS,Assam,AS_Other State,Other State,1,0,1,0,0,0,0,0,0,,
69,AS,Assam,AS_Sivasagar,Sivasagar,529,27,473,29,0,0,0,0,0,,
70,AS,Assam,AS_Sonitpur,Sonitpur,2548,807,1727,14,0,0,0,0,0,,
71,AS,Assam,AS_South Salmara Mankachar,South Salmara Mankachar,51,3,47,1,0,0,0,0,0,,
72,AS,Assam,AS_Tinsukia,Tinsukia,3366,1535,1798,33,0,0,0,0,0,,
73,AS,Assam,AS_Udalguri,Udalguri,758,86,666,6,0,0,0,0,0,,
74,AS,Assam,AS_West Karbi Anglong,West Karbi Anglong,39,1,37,1,0,0,0,0,0,,
75,BR,Bihar,BR_Araria,Araria,6556,209,6329,18,0,0,0,0,0,,
76,BR,Bihar,BR_Arwal,Arwal,2073,36,2028,9,0,0,0,0,0,,
77,BR,Bihar,BR_Aurangabad,Aurangabad,4457,118,4328,11,0,0,0,0,0,,
78,BR,Bihar,BR_Banka,Banka,3052,76,2960,16,0,0,0,0,0,,
79,BR,Bihar,BR_Begusarai,Begusarai,6874,57,6786,31,0,0,0,0,0,,
80,BR,Bihar,BR_Bhagalpur,Bhagalpur,8513,201,8244,68,0,0,0,0,0,,
81,BR,Bihar,BR_Bhojpur,Bhojpur,4654,102,4515,37,0,0,0,0,0,,
82,BR,Bihar,BR_Buxar,Buxar,3711,52,3645,14,0,0,0,0,0,,
83,BR,Bihar,BR_Darbhanga,Darbhanga,3554,147,3376,31,0,0,0,0,0,,
101,BR,Bihar,BR_East Champaran,East Champaran,7739,153,7543,43,0,0,0,0,0,,
84,BR,Bihar,BR_Gaya,Gaya,6797,271,6477,49,0,0,0,0,0,,
85,BR,Bihar,BR_Gopalganj,Gopalganj,5181,42,5131,8,0,0,0,0,0,,
86,BR,Bihar,BR_Jamui,Jamui,2875,82,2785,8,0,0,0,0,0,,
87,BR,Bihar,BR_Jehanabad,Jehanabad,3814,186,3614,14,0,0,0,0,0,,
88,BR,Bihar,BR_Kaimur,Kaimur,1825,43,1773,9,0,0,0,0,0,,
89,BR,Bihar,BR_Katihar,Katihar,6577,58,6508,11,0,0,0,0,0,,
90,BR,Bihar,BR_Khagaria,Khagaria,2887,49,2827,11,0,0,0,0,0,,
91,BR,Bihar,BR_Kishanganj,Kishanganj,3820,126,3684,10,0,0,0,0,0,,
92,BR,Bihar,BR_Lakhisarai,Lakhisarai,3289,71,3210,8,0,0,0,0,0,,
93,BR,Bihar,BR_Madhepura,Madhepura,4351,136,4203,12,0,0,0,0,0,,
94,BR,Bihar,BR_Madhubani,Madhubani,7004,166,6815,23,0,0,0,0,0,,
95,BR,Bihar,BR_Munger,Munger,3716,187,3485,44,0,0,0,0,0,,
96,BR,Bihar,BR_Muzaffarpur,Muzaffarpur,9908,292,9575,41,0,0,0,0,0,,
97,BR,Bihar,BR_Nalanda,Nalanda,7172,169,6953,50,0,0,0,0,0,,
98,BR,Bihar,BR_Nawada,Nawada,3523,224,3281,18,0,0,0,0,0,,
100,BR,Bihar,BR_Patna,Patna,36675,1761,34644,270,0,0,0,0,0,,
102,BR,Bihar,BR_Purnia,Purnia,8234,248,7971,15,0,0,0,0,0,,
103,BR,Bihar,BR_Rohtas,Rohtas,6231,100,6091,40,0,0,0,0,0,,
104,BR,Bihar,BR_Saharsa,Saharsa,6005,303,5694,8,0,0,0,0,0,,
105,BR,Bihar,BR_Samastipur,Samastipur,4739,242,4463,34,0,0,0,0,0,,
106,BR,Bihar,BR_Saran,Saran,6204,136,6029,39,0,0,0,0,0,,
107,BR,Bihar,BR_Sheikhpura,Sheikhpura,2837,63,2765,9,0,0,0,0,0,,
108,BR,Bihar,BR_Sheohar,Sheohar,1238,36,1201,1,0,0,0,0,0,,
109,BR,Bihar,BR_Sitamarhi,Sitamarhi,3871,52,3807,12,0,0,0,0,0,,
110,BR,Bihar,BR_Siwan,Siwan,4177,139,4015,23,0,0,0,0,0,,
111,BR,Bihar,BR_Supaul,Supaul,5006,60,4932,14,0,0,0,0,0,,
112,BR,Bihar,BR_Vaishali,Vaishali,4832,77,4717,37,1,0,0,0,0,,
99,BR,Bihar,BR_West Champaran,West Champaran,5534,90,5427,17,0,0,0,0,0,,
113,CH,Chandigarh,CH_Chandigarh,Chandigarh,14794,703,13862,229,0,92,32,60,0,,
0,CT,Chhattisgarh,CT_Other State,Other State,267,65,170,32,0,0,0,0,0,,
114,CT,Chhattisgarh,CT_Balod,Balod,4938,773,4138,27,0,0,0,0,0,,
115,CT,Chhattisgarh,CT_Baloda Bazar,Baloda Bazar,5512,522,4908,82,0,0,0,0,0,,
116,CT,Chhattisgarh,CT_Balrampur,Balrampur,2170,273,1891,6,0,0,0,0,0,,
117,CT,Chhattisgarh,CT_Bametara,Bametara,2700,410,2259,31,0,0,0,0,0,,
118,CT,Chhattisgarh,CT_Bastar,Bastar,6529,304,6170,55,0,0,0,0,0,,
119,CT,Chhattisgarh,CT_Bijapur,Bijapur,3466,72,3370,24,0,0,0,0,0,,
120,CT,Chhattisgarh,CT_Bilaspur,Bilaspur,12163,793,11215,155,0,0,0,0,0,,
121,CT,Chhattisgarh,CT_Dakshin Bastar Dantewada,Dakshin Bastar Dantewada,4752,196,4546,10,0,0,0,0,0,,
122,CT,Chhattisgarh,CT_Dhamtari,Dhamtari,4904,131,4703,70,0,0,0,0,0,,
123,CT,Chhattisgarh,CT_Durg,Durg,16485,1143,14879,463,0,0,0,0,0,,
124,CT,Chhattisgarh,CT_Gariaband,Gariaband,2657,122,2504,31,0,0,0,0,0,,
125,CT,Chhattisgarh,CT_Janjgir Champa,Janjgir Champa,11824,1005,10707,112,0,0,0,0,0,,
126,CT,Chhattisgarh,CT_Jashpur,Jashpur,1986,283,1692,11,0,0,0,0,0,,
127,CT,Chhattisgarh,CT_Kabeerdham,Kabeerdham,3935,320,3575,40,0,0,0,0,0,,
128,CT,Chhattisgarh,CT_Kondagaon,Kondagaon,3478,843,2623,12,0,0,0,0,0,,
129,CT,Chhattisgarh,CT_Korba,Korba,9470,1904,7508,58,0,0,0,0,0,,
130,CT,Chhattisgarh,CT_Koriya,Koriya,3082,441,2618,23,0,0,0,0,0,,
131,CT,Chhattisgarh,CT_Mahasamund,Mahasamund,4524,237,4218,69,0,0,0,0,0,,
132,CT,Chhattisgarh,CT_Mungeli,Mungeli,2960,333,2611,16,0,0,0,0,0,,
133,CT,Chhattisgarh,CT_Narayanpur,Narayanpur,1800,176,1622,2,0,0,0,0,0,,
134,CT,Chhattisgarh,CT_Raigarh,Raigarh,14070,2280,11637,153,0,0,0,0,0,,
135,CT,Chhattisgarh,CT_Raipur,Raipur,41882,7563,33708,611,0,0,0,0,0,,
136,CT,Chhattisgarh,CT_Rajnandgaon,Rajnandgaon,12282,1062,11113,107,0,0,0,0,0,,
137,CT,Chhattisgarh,CT_Sukma,Sukma,3371,607,2755,9,0,0,0,0,0,,
138,CT,Chhattisgarh,CT_Surajpur,Surajpur,3437,99,3318,20,0,0,0,0,0,,
139,CT,Chhattisgarh,CT_Surguja,Surguja,4637,597,3998,42,0,0,0,0,0,,
140,CT,Chhattisgarh,CT_Uttar Bastar Kanker,Uttar Bastar Kanker,4584,71,4474,39,0,0,0,0,0,,
766,CT,Chhattisgarh,CT_Gaurela Pendra Marwahi,Gaurela Pendra Marwahi,634,148,480,6,0,0,0,0,0,,
144,DL,Delhi,DL_Central Delhi,Central Delhi,184,184,0,0,0,0,0,0,0,District-wise numbers are out-dated as cumulative counts for each district are not reported in bulletin,
145,DL,Delhi,DL_East Delhi,East Delhi,38,38,0,0,0,0,0,0,0,District-wise numbers are out-dated as cumulative counts for each district are not reported in bulletin,
146,DL,Delhi,DL_New Delhi,New Delhi,37,37,0,0,0,0,0,0,0,District-wise numbers are out-dated as cumulative counts for each district are not reported in bulletin,
147,DL,Delhi,DL_North Delhi,North Delhi,60,60,0,0,0,0,0,0,0,District-wise numbers are out-dated as cumulative counts for each district are not reported in bulletin,
148,DL,Delhi,DL_North East Delhi,North East Delhi,25,25,0,0,0,0,0,0,0,District-wise numbers are out-dated as cumulative counts for each district are not reported in bulletin,
149,DL,Delhi,DL_North West Delhi,North West Delhi,32,31,0,1,0,0,0,0,0,District-wise numbers are out-dated as cumulative counts for each district are not reported in bulletin,
150,DL,Delhi,DL_Shahdara,Shahdara,48,48,0,0,0,0,0,0,0,District-wise numbers are out-dated as cumulative counts for each district are not reported in bulletin,
151,DL,Delhi,DL_South Delhi,South Delhi,70,70,0,0,0,0,0,0,0,District-wise numbers are out-dated as cumulative counts for each district are not reported in bulletin,
152,DL,Delhi,DL_South East Delhi,South East Delhi,130,130,0,0,0,0,0,0,0,District-wise numbers are out-dated as cumulative counts for each district are not reported in bulletin,
153,DL,Delhi,DL_South West Delhi,South West Delhi,42,42,0,0,0,0,0,0,0,District-wise numbers are out-dated as cumulative counts for each district are not reported in bulletin,
154,DL,Delhi,DL_West Delhi,West Delhi,122,122,0,0,0,0,0,0,0,District-wise numbers are out-dated as cumulative counts for each district are not reported in bulletin,
0,DN,Dadra and Nagar Haveli and Daman and Diu,DN_Other State,Other State,0,0,0,0,0,0,0,0,0,,
141,DN,Dadra and Nagar Haveli and Daman and Diu,DN_Dadra and Nagar Haveli,Dadra and Nagar Haveli,1590,18,1566,1,5,3,3,0,0,,
142,DN,Dadra and Nagar Haveli and Daman and Diu,DN_Daman,Daman,1361,15,1324,1,21,1,-1,2,0,,
143,DN,Dadra and Nagar Haveli and Daman and Diu,DN_Diu,Diu,312,3,309,0,0,0,0,0,0,,
0,GA,Goa,GA_Other State,Other State,200,9,190,1,0,0,0,0,0,District-wise numbers are out-dated as cumulative counts for each district are not reported in bulletin,
155,GA,Goa,GA_North Goa,North Goa,2668,1639,964,65,0,0,0,0,0,District-wise numbers are out-dated as cumulative counts for each district are not reported in bulletin,
156,GA,Goa,GA_South Goa,South Goa,3511,1978,1407,126,0,0,0,0,0,District-wise numbers are out-dated as cumulative counts for each district are not reported in bulletin,
0,GJ,Gujarat,GJ_Other State,Other State,162,22,137,3,0,0,0,0,0,,
157,GJ,Gujarat,GJ_Ahmedabad,Ahmedabad,43381,3283,38185,1913,0,173,-5,176,2,,
158,GJ,Gujarat,GJ_Amreli,Amreli,2876,424,2427,25,0,9,-9,18,0,,
159,GJ,Gujarat,GJ_Anand,Anand,1494,65,1413,16,0,9,-7,16,0,,
160,GJ,Gujarat,GJ_Aravalli,Aravalli,802,87,691,24,0,11,1,10,0,,
161,GJ,Gujarat,GJ_Banaskantha,Banaskantha,2864,46,2788,30,0,35,8,27,0,,
162,GJ,Gujarat,GJ_Bharuch,Bharuch,2969,100,2853,16,0,9,-22,31,0,,
163,GJ,Gujarat,GJ_Bhavnagar,Bhavnagar,4828,98,4663,67,0,10,-4,14,0,,
164,GJ,Gujarat,GJ_Botad,Botad,841,90,746,5,0,1,1,0,0,,
165,GJ,Gujarat,GJ_Chhota Udaipur,Chhota Udaipur,673,112,558,3,0,7,5,2,0,,
167,GJ,Gujarat,GJ_Dahod,Dahod,1967,289,1671,7,0,8,7,0,1,,
187,GJ,Gujarat,GJ_Dang,Dang,120,1,119,0,0,0,0,0,0,,
166,GJ,Gujarat,GJ_Devbhumi Dwarka,Devbhumi Dwarka,799,72,722,5,0,5,-7,12,0,,
168,GJ,Gujarat,GJ_Gandhinagar,Gandhinagar,5098,626,4378,94,0,37,5,31,1,,
169,GJ,Gujarat,GJ_Gir Somnath,Gir Somnath,1854,155,1676,23,0,9,-19,28,0,,
170,GJ,Gujarat,GJ_Jamnagar,Jamnagar,8405,258,8112,35,0,23,-6,29,0,,
171,GJ,Gujarat,GJ_Junagadh,Junagadh,3788,251,3504,33,0,20,-11,31,0,,
173,GJ,Gujarat,GJ_Kheda,Kheda,1642,81,1546,15,0,7,-2,9,0,,
172,GJ,Gujarat,GJ_Kutch,Kutch,2797,253,2511,33,0,13,-3,16,0,,
175,GJ,Gujarat,GJ_Mahisagar,Mahisagar,1259,36,1216,7,0,5,-10,15,0,,
174,GJ,Gujarat,GJ_Mehsana,Mehsana,4049,254,3763,32,0,44,23,21,0,,
176,GJ,Gujarat,GJ_Morbi,Morbi,2230,201,2013,16,0,16,-4,20,0,,
177,GJ,Gujarat,GJ_Narmada,Narmada,1404,184,1219,1,0,22,2,20,0,,
178,GJ,Gujarat,GJ_Navsari,Navsari,1362,46,1309,7,0,4,2,2,0,,
179,GJ,Gujarat,GJ_Panchmahal,Panchmahal,2931,307,2604,20,0,10,2,8,0,,
180,GJ,Gujarat,GJ_Patan,Patan,2649,249,2352,48,0,29,25,4,0,,
181,GJ,Gujarat,GJ_Porbandar,Porbandar,568,12,552,4,0,1,-2,3,0,,
182,GJ,Gujarat,GJ_Rajkot,Rajkot,13117,768,12187,162,0,94,16,78,0,,
183,GJ,Gujarat,GJ_Sabarkantha,Sabarkantha,1786,74,1701,11,0,17,-23,40,0,,
184,GJ,Gujarat,GJ_Surat,Surat,37952,1627,35471,854,0,217,-6,220,3,,
185,GJ,Gujarat,GJ_Surendranagar,Surendranagar,2464,304,2148,12,0,23,-2,25,0,,
186,GJ,Gujarat,GJ_Tapi,Tapi,830,32,792,6,0,7,7,0,0,,
188,GJ,Gujarat,GJ_Vadodara,Vadodara,16389,1813,14365,211,0,115,-30,145,0,,
189,GJ,Gujarat,GJ_Valsad,Valsad,1248,6,1233,9,0,0,-4,4,0,,
212,HP,Himachal Pradesh,HP_Bilaspur,Bilaspur,1363,164,1191,8,0,0,0,0,0,,
213,HP,Himachal Pradesh,HP_Chamba,Chamba,1215,116,1072,18,9,0,0,0,0,One death of COVID-19 positive patient has occured due to non-covid reasons,
214,HP,Himachal Pradesh,HP_Hamirpur,Hamirpur,1304,195,1094,15,0,0,0,0,0,,
215,HP,Himachal Pradesh,HP_Kangra,Kangra,3216,352,2790,74,0,0,0,0,0,Death of Tibetan refugee on March 22 included in Kangra district's tally,
216,HP,Himachal Pradesh,HP_Kinnaur,Kinnaur,440,159,274,7,0,0,0,0,0,,
217,HP,Himachal Pradesh,HP_Kullu,Kullu,1717,521,1161,33,2,0,0,0,0,,
218,HP,Himachal Pradesh,HP_Lahaul and Spiti,Lahaul and Spiti,426,115,310,1,0,0,0,0,0,,
219,HP,Himachal Pradesh,HP_Mandi,Mandi,3240,629,2567,44,0,0,0,0,0,,
220,HP,Himachal Pradesh,HP_Shimla,Shimla,2837,651,2092,78,16,0,0,0,0,One death of COVID-19 positive patient has occured due to non-covid reasons,
221,HP,Himachal Pradesh,HP_Sirmaur,Sirmaur,2312,100,2194,18,0,0,0,0,0,,
222,HP,Himachal Pradesh,HP_Solan,Solan,3701,307,3356,38,0,0,0,0,0,,
223,HP,Himachal Pradesh,HP_Una,Una,1594,126,1453,15,0,0,0,0,0,,
0,HR,Haryana,HR_Foreign Evacuees,Foreign Evacuees,0,0,0,0,0,0,0,0,0,,
190,HR,Haryana,HR_Ambala,Ambala,9090,143,8834,113,0,22,-4,24,2,,
191,HR,Haryana,HR_Bhiwani,Bhiwani,4092,353,3677,62,0,33,-18,48,3,,
192,HR,Haryana,HR_Charkhi Dadri,Charkhi Dadri,1015,224,783,8,0,0,0,0,0,,
193,HR,Haryana,HR_Faridabad,Faridabad,26843,1588,24998,257,0,372,105,265,2,,
194,HR,Haryana,HR_Fatehabad,Fatehabad,3249,332,2853,64,0,80,54,22,4,,
195,HR,Haryana,HR_Gurugram,Gurugram,32565,4255,28088,222,0,555,147,405,3,,
196,HR,Haryana,HR_Hisar,Hisar,11011,1771,9098,142,0,192,22,169,1,,
0,HR,Haryana,HR_Italians,Italians,0,0,0,0,0,0,0,0,0,,
197,HR,Haryana,HR_Jhajjar,Jhajjar,3851,417,3397,37,0,49,22,27,0,,
198,HR,Haryana,HR_Jind,Jind,2922,274,2591,57,0,45,14,28,3,,
199,HR,Haryana,HR_Kaithal,Kaithal,3013,129,2841,43,0,17,8,9,0,,
200,HR,Haryana,HR_Karnal,Karnal,8429,216,8096,117,0,28,1,27,0,,
201,HR,Haryana,HR_Kurukshetra,Kurukshetra,6893,399,6389,105,0,65,33,31,1,,
202,HR,Haryana,HR_Mahendragarh,Mahendragarh,5216,558,4651,7,0,63,-27,90,0,,
203,HR,Haryana,HR_Nuh,Nuh,1309,35,1248,26,0,12,8,4,0,,
204,HR,Haryana,HR_Palwal,Palwal,3466,107,3338,21,0,38,6,32,0,,
205,HR,Haryana,HR_Panchkula,Panchkula,7314,279,6918,117,0,50,27,22,1,,
206,HR,Haryana,HR_Panipat,Panipat,8117,290,7726,101,0,43,31,12,0,,
207,HR,Haryana,HR_Rewari,Rewari,8168,732,7398,38,0,108,16,92,0,,
208,HR,Haryana,HR_Rohtak,Rohtak,8242,1132,7029,81,0,79,-17,94,2,,
209,HR,Haryana,HR_Sirsa,Sirsa,5690,620,4989,81,0,61,16,44,1,,
210,HR,Haryana,HR_Sonipat,Sonipat,10477,629,9796,52,0,129,75,54,0,,
211,HR,Haryana,HR_Yamunanagar,Yamunanagar,5174,161,4905,108,0,23,15,8,0,,
246,JH,Jharkhand,JH_Bokaro,Bokaro,5518,235,5237,46,0,0,0,0,0,,
247,JH,Jharkhand,JH_Chatra,Chatra,1324,55,1259,10,0,0,0,0,0,,
248,JH,Jharkhand,JH_Deoghar,Deoghar,3183,130,3034,19,0,0,0,0,0,,
249,JH,Jharkhand,JH_Dhanbad,Dhanbad,6485,293,6110,82,0,0,0,0,0,,
250,JH,Jharkhand,JH_Dumka,Dumka,1263,62,1192,9,0,0,0,0,0,,
264,JH,Jharkhand,JH_East Singhbhum,East Singhbhum,16450,1328,14785,337,0,0,0,0,0,,
251,JH,Jharkhand,JH_Garhwa,Garhwa,2530,79,2441,10,0,0,0,0,0,,
252,JH,Jharkhand,JH_Giridih,Giridih,3297,36,3248,13,0,0,0,0,0,,
253,JH,Jharkhand,JH_Godda,Godda,1972,57,1906,9,0,0,0,0,0,,
254,JH,Jharkhand,JH_Gumla,Gumla,2079,97,1980,2,0,0,0,0,0,,
255,JH,Jharkhand,JH_Hazaribagh,Hazaribagh,4055,54,3975,26,0,0,0,0,0,,
256,JH,Jharkhand,JH_Jamtara,Jamtara,1071,77,992,2,0,0,0,0,0,,
257,JH,Jharkhand,JH_Khunti,Khunti,1972,75,1892,5,0,0,0,0,0,,
258,JH,Jharkhand,JH_Koderma,Koderma,3298,47,3223,28,0,0,0,0,0,,
259,JH,Jharkhand,JH_Latehar,Latehar,1720,26,1689,5,0,0,0,0,0,,
260,JH,Jharkhand,JH_Lohardaga,Lohardaga,1611,51,1550,10,0,0,0,0,0,,
261,JH,Jharkhand,JH_Pakur,Pakur,869,52,815,2,0,0,0,0,0,,
262,JH,Jharkhand,JH_Palamu,Palamu,3076,49,3012,15,0,0,0,0,0,,
265,JH,Jharkhand,JH_Ramgarh,Ramgarh,4007,69,3914,24,0,0,0,0,0,,
266,JH,Jharkhand,JH_Ranchi,Ranchi,26091,1599,24314,178,0,0,0,0,0,,
267,JH,Jharkhand,JH_Sahibganj,Sahibganj,1520,40,1471,9,0,0,0,0,0,,
268,JH,Jharkhand,JH_Saraikela-Kharsawan,Saraikela-Kharsawan,3457,166,3280,11,0,0,0,0,0,,
269,JH,Jharkhand,JH_Simdega,Simdega,1891,59,1827,5,0,0,0,0,0,,
263,JH,Jharkhand,JH_West Singhbhum,West Singhbhum,4449,78,4334,37,0,0,0,0,0,,
224,JK,Jammu and Kashmir,JK_Anantnag,Anantnag,4274,175,4024,75,0,6,2,3,1,,
226,JK,Jammu and Kashmir,JK_Bandipora,Bandipora,4102,172,3884,46,0,9,-5,14,0,,
227,JK,Jammu and Kashmir,JK_Baramulla,Baramulla,6333,1224,4962,147,0,38,-133,171,0,,
225,JK,Jammu and Kashmir,JK_Budgam,Budgam,6162,276,5792,94,0,57,28,29,0,,
228,JK,Jammu and Kashmir,JK_Doda,Doda,2690,84,2558,48,0,10,6,4,0,,
229,JK,Jammu and Kashmir,JK_Ganderbal,Ganderbal,3646,223,3389,34,0,23,13,10,0,,
230,JK,Jammu and Kashmir,JK_Jammu,Jammu,18087,665,17157,265,0,99,-10,108,1,,
231,JK,Jammu and Kashmir,JK_Kathua,Kathua,2489,49,2408,32,0,10,-4,14,0,,
232,JK,Jammu and Kashmir,JK_Kishtwar,Kishtwar,1986,118,1853,15,0,19,19,0,0,,
233,JK,Jammu and Kashmir,JK_Kulgam,Kulgam,2504,83,2373,48,0,5,1,4,0,,
234,JK,Jammu and Kashmir,JK_Kupwara,Kupwara,4576,402,4101,73,0,26,-12,38,0,,
235,JK,Jammu and Kashmir,JK_Mirpur,Mirpur,0,0,0,0,0,0,0,0,0,,
236,JK,Jammu and Kashmir,JK_Muzaffarabad,Muzaffarabad,0,0,0,0,0,0,0,0,0,,
237,JK,Jammu and Kashmir,JK_Pulwama,Pulwama,4732,179,4470,83,0,8,-8,16,0,,
238,JK,Jammu and Kashmir,JK_Punch,Punch,2275,108,2145,22,0,5,-19,24,0,,
239,JK,Jammu and Kashmir,JK_Rajouri,Rajouri,3232,74,3110,48,0,9,6,3,0,,
240,JK,Jammu and Kashmir,JK_Ramban,Ramban,1638,69,1552,17,0,11,10,0,1,,
241,JK,Jammu and Kashmir,JK_Reasi,Reasi,1302,96,1198,8,0,9,9,0,0,,
242,JK,Jammu and Kashmir,JK_Samba,Samba,2197,225,1947,25,0,4,-9,13,0,,
243,JK,Jammu and Kashmir,JK_Shopiyan,Shopiyan,2245,110,2100,35,0,15,15,0,0,,
244,JK,Jammu and Kashmir,JK_Srinagar,Srinagar,19990,1334,18286,370,0,152,-43,192,3,,
245,JK,Jammu and Kashmir,JK_Udhampur,Udhampur,2764,136,2596,32,0,9,1,8,0,,
270,KA,Karnataka,KA_Bagalkote,Bagalkote,13199,154,12914,131,0,0,0,0,0,,
271,KA,Karnataka,KA_Ballari,Ballari,37453,648,36260,545,0,0,0,0,0,,
272,KA,Karnataka,KA_Belagavi,Belagavi,24819,513,23971,335,0,0,0,0,0,,
274,KA,Karnataka,KA_Bengaluru Rural,Bengaluru Rural,16421,3256,13038,127,0,0,0,0,0,,
273,KA,Karnataka,KA_Bengaluru Urban,Bengaluru Urban,343507,18806,320783,3917,1,0,0,0,0,,
275,KA,Karnataka,KA_Bidar,Bidar,6912,46,6699,163,4,0,0,0,0,,
276,KA,Karnataka,KA_Chamarajanagara,Chamarajanagara,6053,195,5734,113,11,0,0,0,0,,
277,KA,Karnataka,KA_Chikkaballapura,Chikkaballapura,11338,172,11054,111,1,0,0,0,0,,
278,KA,Karnataka,KA_Chikkamagaluru,Chikkamagaluru,12538,439,11963,136,0,0,0,0,0,,
279,KA,Karnataka,KA_Chitradurga,Chitradurga,12553,464,12029,60,0,0,0,0,0,,
280,KA,Karnataka,KA_Dakshina Kannada,Dakshina Kannada,30585,1342,28560,681,2,0,0,0,0,,
281,KA,Karnataka,KA_Davanagere,Davanagere,20902,451,20191,260,0,0,0,0,0,,
282,KA,Karnataka,KA_Dharwad,Dharwad,20865,346,19948,571,0,0,0,0,0,,
283,KA,Karnataka,KA_Gadag,Gadag,10529,122,10266,141,0,0,0,0,0,,
284,KA,Karnataka,KA_Hassan,Hassan,25473,1290,23807,376,0,0,0,0,0,,
285,KA,Karnataka,KA_Haveri,Haveri,10287,145,9956,186,0,0,0,0,0,,
286,KA,Karnataka,KA_Kalaburagi,Kalaburagi,19837,436,19087,314,0,0,0,0,0,,
287,KA,Karnataka,KA_Kodagu,Kodagu,4911,122,4725,64,0,0,0,0,0,,
288,KA,Karnataka,KA_Kolar,Kolar,8563,382,8026,155,0,0,0,0,0,,
289,KA,Karnataka,KA_Koppal,Koppal,13445,217,12952,276,0,0,0,0,0,,
290,KA,Karnataka,KA_Mandya,Mandya,17097,780,16174,143,0,0,0,0,0,,
291,KA,Karnataka,KA_Mysuru,Mysuru,48224,1374,45886,964,0,0,0,0,0,,
0,KA,Karnataka,KA_Other State,Other State,36,0,33,3,0,0,0,0,0,,
292,KA,Karnataka,KA_Raichur,Raichur,13344,213,12981,150,0,0,0,0,0,,
293,KA,Karnataka,KA_Ramanagara,Ramanagara,6885,218,6593,74,0,0,0,0,0,,
294,KA,Karnataka,KA_Shivamogga,Shivamogga,20839,638,19855,346,0,0,0,0,0,,
295,KA,Karnataka,KA_Tumakuru,Tumakuru,21157,1494,19321,342,0,0,0,0,0,,
296,KA,Karnataka,KA_Udupi,Udupi,22020,434,21402,184,0,0,0,0,0,,
297,KA,Karnataka,KA_Uttara Kannada,Uttara Kannada,13040,413,12471,156,0,0,0,0,0,,
298,KA,Karnataka,KA_Vijayapura,Vijayapura,12807,420,12191,196,0,0,0,0,0,,
299,KA,Karnataka,KA_Yadgir,Yadgir,10134,163,9910,61,0,0,0,0,0,,
0,KL,Kerala,KL_Other State,Other State,0,0,0,0,0,0,0,0,0,,
300,KL,Kerala,KL_Alappuzha,Alappuzha,36092,8100,27868,110,14,660,136,521,3,,
301,KL,Kerala,KL_Ernakulam,Ernakulam,50103,11632,38295,165,11,749,-540,1288,1,,
302,KL,Kerala,KL_Idukki,Idukki,7796,1667,6118,9,2,116,3,113,0,,
303,KL,Kerala,KL_Kannur,Kannur,26326,4697,21511,114,4,329,-219,546,2,,
304,KL,Kerala,KL_Kasaragod,Kasaragod,19324,2152,17096,72,4,155,115,40,0,,
305,KL,Kerala,KL_Kollam,Kollam,36574,6077,30371,120,6,523,-72,593,2,,
306,KL,Kerala,KL_Kottayam,Kottayam,25870,5443,20375,51,1,479,-1,480,0,,
307,KL,Kerala,KL_Kozhikode,Kozhikode,51944,8426,43366,146,6,828,-16,844,0,,
308,KL,Kerala,KL_Malappuram,Malappuram,54766,8202,46392,164,8,627,-231,853,5,,
309,KL,Kerala,KL_Palakkad,Palakkad,28320,6421,21840,58,1,372,47,324,1,,
310,KL,Kerala,KL_Pathanamthitta,Pathanamthitta,16022,2107,13902,12,1,212,-152,364,0,,
311,KL,Kerala,KL_Thiruvananthapuram,Thiruvananthapuram,61733,8212,53041,436,44,756,125,622,9,,
312,KL,Kerala,KL_Thrissur,Thrissur,44006,9894,33965,141,6,900,-134,1032,2,,
313,KL,Kerala,KL_Wayanad,Wayanad,7591,1065,6510,16,0,114,34,79,1,,
314,LA,Ladakh,LA_Kargil,Kargil,1899,121,1740,38,0,0,0,0,0,,
315,LA,Ladakh,LA_Leh,Leh,4654,585,4032,37,0,0,0,0,0,,
316,LD,Lakshadweep,LD_Lakshadweep,Lakshadweep,0,0,0,0,0,0,0,0,0,,
369,MH,Maharashtra,MH_Ahmednagar,Ahmednagar,56927,4756,51283,887,1,0,0,0,0,,
370,MH,Maharashtra,MH_Akola,Akola,8643,640,7717,285,1,0,0,0,0,,
371,MH,Maharashtra,MH_Amravati,Amravati,17142,923,15868,351,0,0,0,0,0,,
372,MH,Maharashtra,MH_Aurangabad,Aurangabad,42585,1141,40450,981,13,0,0,0,0,,
374,MH,Maharashtra,MH_Beed,Beed,14211,1153,12636,422,0,0,0,0,0,,
373,MH,Maharashtra,MH_Bhandara,Bhandara,9181,1061,7915,205,0,0,0,0,0,,
375,MH,Maharashtra,MH_Buldhana,Buldhana,10734,1093,9466,175,0,0,0,0,0,,
376,MH,Maharashtra,MH_Chandrapur,Chandrapur,16884,3724,12900,260,0,0,0,0,0,,
377,MH,Maharashtra,MH_Dhule,Dhule,14277,250,13691,334,2,0,0,0,0,,
378,MH,Maharashtra,MH_Gadchiroli,Gadchiroli,5736,922,4763,51,0,0,0,0,0,,
379,MH,Maharashtra,MH_Gondia,Gondia,10182,826,9248,108,0,0,0,0,0,,
380,MH,Maharashtra,MH_Hingoli,Hingoli,3689,505,3108,76,0,0,0,0,0,,
381,MH,Maharashtra,MH_Jalgaon,Jalgaon,53755,1586,50801,1360,8,0,0,0,0,,
382,MH,Maharashtra,MH_Jalna,Jalna,10625,423,9906,295,1,0,0,0,0,,
383,MH,Maharashtra,MH_Kolhapur,Kolhapur,47416,644,45158,1611,3,0,0,0,0,,
384,MH,Maharashtra,MH_Latur,Latur,20918,1703,18593,622,0,0,0,0,0,,
385,MH,Maharashtra,MH_Mumbai,Mumbai,260840,16576,233332,10352,580,0,0,0,0,"[Sep 9]After reconciling COVID-19 cases in Mumbai, owing to the removal of duplicates and change of addresses as per the original residence, 239 cases have been removed from the progressive figures.",
386,MH,Maharashtra,MH_Mumbai Suburban,Mumbai Suburban,0,0,0,0,0,0,0,0,0,,
387,MH,Maharashtra,MH_Nagpur,Nagpur,103198,4342,96035,2811,10,0,0,0,0,District administration provides number of persons tested instead of the number of samples tested.,
388,MH,Maharashtra,MH_Nanded,Nanded,19354,1809,17012,533,0,0,0,0,0,Number of active cases differs in the state bulletin and district bulletin. We follow the state bulletin.,
389,MH,Maharashtra,MH_Nandurbar,Nandurbar,6457,385,5929,142,1,0,0,0,0,,
390,MH,Maharashtra,MH_Nashik,Nashik,96454,5117,89744,1592,1,0,0,0,0,Number of active cases differs in the state bulletin and district bulletin. We follow the state bulletin.,
391,MH,Maharashtra,MH_Osmanabad,Osmanabad,15480,1119,13858,503,0,0,0,0,0,,
0,MH,Maharashtra,MH_Other State,Other State,2202,1623,428,151,0,0,0,0,0,,
392,MH,Maharashtra,MH_Palghar,Palghar,43330,2600,39845,878,7,0,0,0,0,,
393,MH,Maharashtra,MH_Parbhani,Parbhani,6740,612,5880,237,11,0,0,0,0,,
394,MH,Maharashtra,MH_Pune,Pune,336430,24849,304570,6978,33,0,0,0,0,Number of active cases differs in the state bulletin and district bulletin. We follow the state bulletin.,
395,MH,Maharashtra,MH_Raigad,Raigad,60124,3691,54999,1428,6,0,0,0,0,Number of active cases differs in the state bulletin and district bulletin. We follow the state bulletin.,
396,MH,Maharashtra,MH_Ratnagiri,Ratnagiri,10035,1115,8547,373,0,0,0,0,0,,
397,MH,Maharashtra,MH_Sangli,Sangli,47281,2626,43041,1612,2,0,0,0,0,,
398,MH,Maharashtra,MH_Satara,Satara,48344,3813,43087,1435,9,0,0,0,0,,
399,MH,Maharashtra,MH_Sindhudurg,Sindhudurg,5086,581,4372,133,0,0,0,0,0,,
400,MH,Maharashtra,MH_Solapur,Solapur,44735,2706,40560,1464,5,0,0,0,0,,
401,MH,Maharashtra,MH_Thane,Thane,225470,16666,203548,5219,37,0,0,0,0,,
402,MH,Maharashtra,MH_Wardha,Wardha,6789,481,6092,215,1,0,0,0,0,,
403,MH,Maharashtra,MH_Washim,Washim,5800,140,5514,145,1,0,0,0,0,,
404,MH,Maharashtra,MH_Yavatmal,Yavatmal,11144,711,10109,324,0,0,0,0,0,,
421,ML,Meghalaya,ML_East Garo Hills,East Garo Hills,231,65,165,1,0,17,11,6,0,,
422,ML,Meghalaya,ML_East Jaintia Hills,East Jaintia Hills,457,44,410,0,3,14,8,6,0,,
423,ML,Meghalaya,ML_East Khasi Hills,East Khasi Hills,6132,312,5739,81,0,22,-18,39,1,,
424,ML,Meghalaya,ML_North Garo Hills,North Garo Hills,98,15,82,1,0,1,-1,2,0,,
425,ML,Meghalaya,ML_Ribhoi,Ribhoi,1045,261,783,1,0,5,4,1,0,,
426,ML,Meghalaya,ML_South Garo Hills,South Garo Hills,105,11,94,0,0,0,0,0,0,,
427,ML,Meghalaya,ML_South West Garo Hills,South West Garo Hills,108,13,93,2,0,6,5,1,0,,
428,ML,Meghalaya,ML_South West Khasi Hills,South West Khasi Hills,50,2,48,0,0,0,-1,1,0,,
429,ML,Meghalaya,ML_West Garo Hills,West Garo Hills,1253,144,1106,3,0,9,4,5,0,,
430,ML,Meghalaya,ML_West Jaintia Hills,West Jaintia Hills,280,105,174,1,0,18,18,0,0,,
431,ML,Meghalaya,ML_West Khasi Hills,West Khasi Hills,134,14,119,1,0,0,0,0,0,,
0,MN,Manipur,MN_CAPF Personnel,CAPF Personnel,2141,742,1397,2,0,0,0,0,0,,
405,MN,Manipur,MN_Bishnupur,Bishnupur,748,685,58,5,0,0,0,0,0,,
406,MN,Manipur,MN_Chandel,Chandel,263,253,4,6,0,0,0,0,0,,
407,MN,Manipur,MN_Churachandpur,Churachandpur,1064,991,58,15,0,0,0,0,0,,
408,MN,Manipur,MN_Imphal East,Imphal East,3548,3495,16,37,0,0,0,0,0,,
409,MN,Manipur,MN_Imphal West,Imphal West,5703,5616,52,35,0,0,0,0,0,,
410,MN,Manipur,MN_Jiribam,Jiribam,220,218,2,0,0,0,0,0,0,,
411,MN,Manipur,MN_Kakching,Kakching,512,483,27,2,0,0,0,0,0,,
412,MN,Manipur,MN_Kamjong,Kamjong,228,211,17,0,0,0,0,0,0,,
413,MN,Manipur,MN_Kangpokpi,Kangpokpi,521,495,19,7,0,0,0,0,0,,
414,MN,Manipur,MN_Noney,Noney,287,268,18,1,0,0,0,0,0,,
415,MN,Manipur,MN_Pherzawl,Pherzawl,33,18,15,0,0,0,0,0,0,,
416,MN,Manipur,MN_Senapati,Senapati,404,383,21,0,0,0,0,0,0,,
417,MN,Manipur,MN_Tamenglong,Tamenglong,985,950,32,3,0,0,0,0,0,,
418,MN,Manipur,MN_Tengnoupal,Tengnoupal,217,203,13,1,0,0,0,0,0,,
419,MN,Manipur,MN_Thoubal,Thoubal,1776,1728,23,25,0,0,0,0,0,,
420,MN,Manipur,MN_Ukhrul,Ukhrul,428,410,18,0,0,0,0,0,0,,
317,MP,Madhya Pradesh,MP_Agar Malwa,Agar Malwa,470,7,454,9,0,0,0,0,0,,
318,MP,Madhya Pradesh,MP_Alirajpur,Alirajpur,1061,11,1037,13,0,0,0,0,0,,
319,MP,Madhya Pradesh,MP_Anuppur,Anuppur,1667,94,1559,14,0,0,0,0,0,,
320,MP,Madhya Pradesh,MP_Ashoknagar,Ashoknagar,623,48,559,16,0,0,0,0,0,,
321,MP,Madhya Pradesh,MP_Balaghat,Balaghat,2176,81,2085,10,0,0,0,0,0,,
322,MP,Madhya Pradesh,MP_Barwani,Barwani,2136,44,2071,21,0,0,0,0,0,,
323,MP,Madhya Pradesh,MP_Betul,Betul,2609,213,2335,61,0,0,0,0,0,,
324,MP,Madhya Pradesh,MP_Bhind,Bhind,1158,48,1103,7,0,0,0,0,0,,
325,MP,Madhya Pradesh,MP_Bhopal,Bhopal,25361,1475,23402,484,0,0,0,0,0,,
326,MP,Madhya Pradesh,MP_Burhanpur,Burhanpur,786,6,754,26,0,0,0,0,0,,
327,MP,Madhya Pradesh,MP_Chhatarpur,Chhatarpur,1552,37,1486,29,0,0,0,0,0,,
328,MP,Madhya Pradesh,MP_Chhindwara,Chhindwara,2278,64,2176,38,0,0,0,0,0,,
329,MP,Madhya Pradesh,MP_Damoh,Damoh,2115,97,1955,63,0,0,0,0,0,,
330,MP,Madhya Pradesh,MP_Datia,Datia,1422,46,1357,19,0,0,0,0,0,,
331,MP,Madhya Pradesh,MP_Dewas,Dewas,1909,52,1834,23,0,0,0,0,0,,
332,MP,Madhya Pradesh,MP_Dhar,Dhar,2813,74,2690,49,0,0,0,0,0,,
333,MP,Madhya Pradesh,MP_Dindori,Dindori,749,50,698,1,0,0,0,0,0,,
335,MP,Madhya Pradesh,MP_Guna,Guna,945,65,865,15,0,0,0,0,0,,
336,MP,Madhya Pradesh,MP_Gwalior,Gwalior,12486,332,11988,166,0,0,0,0,0,,
337,MP,Madhya Pradesh,MP_Harda,Harda,1488,86,1378,24,0,0,0,0,0,,
338,MP,Madhya Pradesh,MP_Hoshangabad,Hoshangabad,2943,59,2834,50,0,0,0,0,0,,
339,MP,Madhya Pradesh,MP_Indore,Indore,34308,2094,31531,683,0,0,0,0,0,,
340,MP,Madhya Pradesh,MP_Jabalpur,Jabalpur,12910,585,12118,207,0,0,0,0,0,,
341,MP,Madhya Pradesh,MP_Jhabua,Jhabua,1733,82,1633,18,0,0,0,0,0,,
342,MP,Madhya Pradesh,MP_Katni,Katni,1769,26,1728,15,0,0,0,0,0,,
334,MP,Madhya Pradesh,MP_Khandwa,Khandwa,1821,27,1746,48,0,0,0,0,0,,
368,MP,Madhya Pradesh,MP_Khargone,Khargone,3918,84,3767,67,0,0,0,0,0,,
343,MP,Madhya Pradesh,MP_Mandla,Mandla,1021,22,990,9,0,0,0,0,0,,
344,MP,Madhya Pradesh,MP_Mandsaur,Mandsaur,2043,38,1982,23,0,0,0,0,0,,
345,MP,Madhya Pradesh,MP_Morena,Morena,2846,94,2729,23,0,0,0,0,0,,
346,MP,Madhya Pradesh,MP_Narsinghpur,Narsinghpur,3047,34,2986,27,0,0,0,0,0,,
347,MP,Madhya Pradesh,MP_Neemuch,Neemuch,2400,56,2309,35,0,0,0,0,0,,
348,MP,Madhya Pradesh,MP_Niwari,Niwari,444,24,419,1,0,0,0,0,0,,
0,MP,Madhya Pradesh,MP_Other Region,Other Region,0,0,0,0,0,0,0,0,0,,
349,MP,Madhya Pradesh,MP_Panna,Panna,821,16,802,3,0,0,0,0,0,,
350,MP,Madhya Pradesh,MP_Raisen,Raisen,1810,105,1672,33,0,0,0,0,0,,
351,MP,Madhya Pradesh,MP_Rajgarh,Rajgarh,1708,97,1562,49,0,0,0,0,0,,
352,MP,Madhya Pradesh,MP_Ratlam,Ratlam,2542,146,2337,59,0,0,0,0,0,,
353,MP,Madhya Pradesh,MP_Rewa,Rewa,2606,187,2389,30,0,0,0,0,0,,
354,MP,Madhya Pradesh,MP_Sagar,Sagar,3540,191,3225,124,0,0,0,0,0,,
355,MP,Madhya Pradesh,MP_Satna,Satna,2324,66,2221,37,0,0,0,0,0,,
356,MP,Madhya Pradesh,MP_Sehore,Sehore,2128,52,2028,48,0,0,0,0,0,,
357,MP,Madhya Pradesh,MP_Seoni,Seoni,1262,29,1225,8,0,0,0,0,0,,
358,MP,Madhya Pradesh,MP_Shahdol,Shahdol,2606,61,2517,28,0,0,0,0,0,,
359,MP,Madhya Pradesh,MP_Shajapur,Shajapur,1282,75,1186,21,0,0,0,0,0,,
360,MP,Madhya Pradesh,MP_Sheopur,Sheopur,1080,48,1022,10,0,0,0,0,0,,
361,MP,Madhya Pradesh,MP_Shivpuri,Shivpuri,2826,98,2704,24,0,0,0,0,0,,
362,MP,Madhya Pradesh,MP_Sidhi,Sidhi,1446,143,1293,10,0,0,0,0,0,,
363,MP,Madhya Pradesh,MP_Singrauli,Singrauli,1397,89,1283,25,0,0,0,0,0,,
364,MP,Madhya Pradesh,MP_Tikamgarh,Tikamgarh,995,27,942,26,0,0,0,0,0,,
365,MP,Madhya Pradesh,MP_Ujjain,Ujjain,3576,115,3364,97,0,0,0,0,0,,
366,MP,Madhya Pradesh,MP_Umaria,Umaria,961,53,896,12,0,0,0,0,0,,
367,MP,Madhya Pradesh,MP_Vidisha,Vidisha,2174,101,2024,49,0,0,0,0,0,,
432,MZ,Mizoram,MZ_Aizawl,Aizawl,2049,425,1622,2,0,62,25,36,1,,
433,MZ,Mizoram,MZ_Champhai,Champhai,58,32,26,0,0,1,1,0,0,,
729,MZ,Mizoram,MZ_Hnahthial,Hnahthial,13,0,13,0,0,0,0,0,0,,
730,MZ,Mizoram,MZ_Khawzawl,Khawzawl,7,1,6,0,0,0,0,0,0,,
434,MZ,Mizoram,MZ_Kolasib,Kolasib,253,2,251,0,0,0,0,0,0,,
435,MZ,Mizoram,MZ_Lawngtlai,Lawngtlai,101,13,88,0,0,1,1,0,0,,
436,MZ,Mizoram,MZ_Lunglei,Lunglei,283,5,278,0,0,1,1,0,0,,
437,MZ,Mizoram,MZ_Mamit,Mamit,59,2,57,0,0,0,-2,2,0,,
438,MZ,Mizoram,MZ_Saiha,Saiha,32,0,32,0,0,0,0,0,0,,
728,MZ,Mizoram,MZ_Saitual,Saitual,16,2,14,0,0,0,0,0,0,,
439,MZ,Mizoram,MZ_Serchhip,Serchhip,87,1,86,0,0,0,0,0,0,,
0,NL,Nagaland,NL_Others,Others,0,0,0,0,0,0,0,0,0,,
440,NL,Nagaland,NL_Dimapur,Dimapur,5143,747,4313,32,51,0,0,0,0,,
441,NL,Nagaland,NL_Kiphire,Kiphire,23,5,18,0,0,0,0,0,0,,
442,NL,Nagaland,NL_Kohima,Kohima,2744,295,2430,8,11,0,0,0,0,,
443,NL,Nagaland,NL_Longleng,Longleng,18,0,9,0,9,0,0,0,0,,
444,NL,Nagaland,NL_Mokokchung,Mokokchung,114,14,97,1,2,0,0,0,0,,
445,NL,Nagaland,NL_Mon,Mon,500,52,437,2,9,0,0,0,0,,
446,NL,Nagaland,NL_Peren,Peren,307,7,300,0,0,0,0,0,0,,
447,NL,Nagaland,NL_Phek,Phek,37,1,36,0,0,0,0,0,0,,
448,NL,Nagaland,NL_Tuensang,Tuensang,154,13,141,0,0,0,0,0,0,,
449,NL,Nagaland,NL_Wokha,Wokha,29,2,26,1,0,0,0,0,0,,
450,NL,Nagaland,NL_Zunheboto,Zunheboto,138,8,127,0,3,0,0,0,0,,
0,OR,Odisha,OR_State Pool,State Pool,7624,277,7347,0,0,31,0,31,0,,
0,OR,Odisha,OR_Others,Others,0,0,0,0,0,0,0,0,0,,
451,OR,Odisha,OR_Angul,Angul,8448,564,7861,23,0,88,4,84,0,,
452,OR,Odisha,OR_Balangir,Balangir,7090,517,6543,30,0,77,10,67,0,,
453,OR,Odisha,OR_Balasore,Balasore,10545,480,9991,74,0,36,-74,110,0,,
454,OR,Odisha,OR_Bargarh,Bargarh,8980,515,8446,19,0,55,23,32,0,,
456,OR,Odisha,OR_Bhadrak,Bhadrak,6857,201,6632,24,0,31,17,14,0,,
455,OR,Odisha,OR_Boudh,Boudh,2614,107,2498,9,0,4,-11,15,0,,
457,OR,Odisha,OR_Cuttack,Cuttack,26412,959,25334,119,0,109,0,107,2,,
458,OR,Odisha,OR_Deogarh,Deogarh,1091,57,1032,2,0,8,-3,11,0,,
459,OR,Odisha,OR_Dhenkanal,Dhenkanal,5240,273,4947,20,0,33,-8,41,0,,
460,OR,Odisha,OR_Gajapati,Gajapati,3874,26,3818,30,0,3,-7,10,0,,
461,OR,Odisha,OR_Ganjam,Ganjam,21316,136,20941,239,0,23,-4,26,1,,
462,OR,Odisha,OR_Jagatsinghpur,Jagatsinghpur,7862,635,7204,23,0,50,-43,93,0,,
463,OR,Odisha,OR_Jajpur,Jajpur,11031,355,10655,21,0,23,-6,29,0,,
464,OR,Odisha,OR_Jharsuguda,Jharsuguda,6538,138,6384,16,0,29,-4,33,0,,
465,OR,Odisha,OR_Kalahandi,Kalahandi,5367,422,4924,21,0,50,10,40,0,,
466,OR,Odisha,OR_Kandhamal,Kandhamal,5725,98,5596,31,0,11,-8,19,0,,
467,OR,Odisha,OR_Kendrapara,Kendrapara,7862,538,7303,21,0,42,-8,50,0,,
468,OR,Odisha,OR_Kendujhar,Kendujhar,6599,350,6224,25,0,57,-33,90,0,,
469,OR,Odisha,OR_Khordha,Khordha,49445,1431,47765,249,0,159,-13,169,3,,
470,OR,Odisha,OR_Koraput,Koraput,7499,320,7166,13,0,28,6,22,0,,
471,OR,Odisha,OR_Malkangiri,Malkangiri,4983,286,4674,23,0,23,12,11,0,,
472,OR,Odisha,OR_Mayurbhanj,Mayurbhanj,11736,789,10881,66,0,103,40,60,3,,
473,OR,Odisha,OR_Nabarangapur,Nabarangapur,5403,254,5134,15,0,21,-8,28,1,,
474,OR,Odisha,OR_Nayagarh,Nayagarh,6111,252,5819,40,0,32,-4,35,1,,
475,OR,Odisha,OR_Nuapada,Nuapada,5949,477,5454,18,0,88,28,60,0,,
476,OR,Odisha,OR_Puri,Puri,12794,501,12205,88,0,35,3,32,0,,
477,OR,Odisha,OR_Rayagada,Rayagada,8140,102,7996,42,0,10,2,8,0,,
478,OR,Odisha,OR_Sambalpur,Sambalpur,8143,286,7822,35,0,30,6,23,1,,
479,OR,Odisha,OR_Subarnapur,Subarnapur,4506,163,4328,15,0,5,-8,13,0,,
480,OR,Odisha,OR_Sundargarh,Sundargarh,11490,801,10609,80,0,91,-8,97,2,,
485,PB,Punjab,PB_Amritsar,Amritsar,11959,277,11222,460,0,0,0,0,0,,
486,PB,Punjab,PB_Barnala,Barnala,2082,127,1903,52,0,0,0,0,0,,
487,PB,Punjab,PB_Bathinda,Bathinda,7288,435,6701,152,0,0,0,0,0,,
488,PB,Punjab,PB_Faridkot,Faridkot,3273,142,3073,58,0,0,0,0,0,,
489,PB,Punjab,PB_Fatehgarh Sahib,Fatehgarh Sahib,2177,39,2036,102,0,0,0,0,0,,
490,PB,Punjab,PB_Fazilka,Fazilka,3134,214,2869,51,0,0,0,0,0,,
491,PB,Punjab,PB_Ferozepur,Ferozepur,4236,96,4014,126,0,0,0,0,0,,
492,PB,Punjab,PB_Gurdaspur,Gurdaspur,6935,137,6598,200,0,0,0,0,0,,
493,PB,Punjab,PB_Hoshiarpur,Hoshiarpur,6300,219,5866,215,0,0,0,0,0,,
494,PB,Punjab,PB_Jalandhar,Jalandhar,15386,607,14306,473,0,0,0,0,0,,
495,PB,Punjab,PB_Kapurthala,Kapurthala,4107,114,3825,168,0,0,0,0,0,,
496,PB,Punjab,PB_Ludhiana,Ludhiana,20510,446,19221,843,0,0,0,0,0,,
497,PB,Punjab,PB_Mansa,Mansa,1952,87,1829,36,0,0,0,0,0,,
498,PB,Punjab,PB_Moga,Moga,2483,29,2373,81,0,0,0,0,0,,
499,PB,Punjab,PB_Pathankot,Pathankot,4494,120,4259,115,0,0,0,0,0,,
500,PB,Punjab,PB_Patiala,Patiala,12924,287,12255,382,0,0,0,0,0,,
501,PB,Punjab,PB_Rupnagar,Rupnagar,2505,155,2231,119,0,0,0,0,0,,
502,PB,Punjab,PB_S.A.S. Nagar,S.A.S. Nagar,12580,603,11739,238,0,0,0,0,0,,
503,PB,Punjab,PB_Sangrur,Sangrur,3969,103,3698,168,0,0,0,0,0,,
504,PB,Punjab,PB_Shahid Bhagat Singh Nagar,Shahid Bhagat Singh Nagar,1935,64,1806,65,0,0,0,0,0,,
505,PB,Punjab,PB_Sri Muktsar Sahib,Sri Muktsar Sahib,3071,129,2877,65,0,0,0,0,0,,
506,PB,Punjab,PB_Tarn Taran,Tarn Taran,2013,41,1882,90,0,0,0,0,0,,
481,PY,Puducherry,PY_Karaikal,Karaikal,3475,190,3230,55,0,9,8,1,0,"2 case of TN has been transferred,so has been reduced from the total count.",
482,PY,Puducherry,PY_Mahe,Mahe,1026,133,886,7,0,9,0,9,0,"1 case of KL have been transferred,so have been reduced from the total count",
483,PY,Puducherry,PY_Puducherry,Puducherry,29033,1402,27138,493,0,94,-310,403,1,"209 cases(204 of TN, 1 of AP and 4 other) have been transferred,so have been reduced from the total count.[July 18]4 cases have transferred to TN and have been reduced from recovered cases.",
484,PY,Puducherry,PY_Yanam,Yanam,2016,104,1869,43,0,9,2,7,0,"2 cases of AP have been transferred,so have been reduced from the total count",
507,RJ,Rajasthan,RJ_Ajmer,Ajmer,10330,432,9754,144,0,0,0,0,0,,
508,RJ,Rajasthan,RJ_Alwar,Alwar,15563,614,14890,59,0,0,0,0,0,,
509,RJ,Rajasthan,RJ_Banswara,Banswara,1521,83,1412,26,0,0,0,0,0,,
510,RJ,Rajasthan,RJ_Baran,Baran,1519,89,1404,26,0,0,0,0,0,,
511,RJ,Rajasthan,RJ_Barmer,Barmer,3562,216,3310,36,0,0,0,0,0,,
512,RJ,Rajasthan,RJ_Bharatpur,Bharatpur,6082,238,5749,95,0,0,0,0,0,,
513,RJ,Rajasthan,RJ_Bhilwara,Bhilwara,6056,176,5850,30,0,0,0,0,0,,
514,RJ,Rajasthan,RJ_Bikaner,Bikaner,14579,1077,13360,142,0,0,0,0,0,,
0,RJ,Rajasthan,RJ_BSF Camp,BSF Camp,85,0,85,0,0,0,0,0,0,,
515,RJ,Rajasthan,RJ_Bundi,Bundi,1497,120,1368,9,0,0,0,0,0,,
516,RJ,Rajasthan,RJ_Chittorgarh,Chittorgarh,2333,168,2134,31,0,0,0,0,0,,
517,RJ,Rajasthan,RJ_Churu,Churu,3041,236,2780,25,0,0,0,0,0,,
518,RJ,Rajasthan,RJ_Dausa,Dausa,1725,222,1489,14,0,0,0,0,0,,
519,RJ,Rajasthan,RJ_Dholpur,Dholpur,3328,80,3219,29,0,0,0,0,0,,
520,RJ,Rajasthan,RJ_Dungarpur,Dungarpur,2581,114,2442,25,0,0,0,0,0,,
0,RJ,Rajasthan,RJ_Evacuees,Evacuees,61,0,61,0,0,0,0,0,0,,
521,RJ,Rajasthan,RJ_Ganganagar,Ganganagar,3990,574,3390,26,0,0,0,0,0,,
522,RJ,Rajasthan,RJ_Hanumangarh,Hanumangarh,1843,146,1689,8,0,0,0,0,0,,
0,RJ,Rajasthan,RJ_Italians,Italians,2,0,2,0,0,0,0,0,0,,
523,RJ,Rajasthan,RJ_Jaipur,Jaipur,34679,4211,30090,378,0,0,0,0,0,,
524,RJ,Rajasthan,RJ_Jaisalmer,Jaisalmer,1243,178,1048,17,0,0,0,0,0,,
525,RJ,Rajasthan,RJ_Jalore,Jalore,3965,338,3589,38,0,0,0,0,0,,
526,RJ,Rajasthan,RJ_Jhalawar,Jhalawar,2689,97,2579,13,0,0,0,0,0,,
527,RJ,Rajasthan,RJ_Jhunjhunu,Jhunjhunu,3110,302,2780,28,0,0,0,0,0,,
528,RJ,Rajasthan,RJ_Jodhpur,Jodhpur,30213,4235,25790,188,0,0,0,0,0,,
529,RJ,Rajasthan,RJ_Karauli,Karauli,1170,87,1069,14,0,0,0,0,0,,
530,RJ,Rajasthan,RJ_Kota,Kota,11333,287,10930,116,0,0,0,0,0,,
531,RJ,Rajasthan,RJ_Nagaur,Nagaur,5850,412,5380,58,0,0,0,0,0,,
0,RJ,Rajasthan,RJ_Other State,Other State,189,0,150,39,0,0,0,0,0,,
532,RJ,Rajasthan,RJ_Pali,Pali,7440,204,7160,76,0,0,0,0,0,,
533,RJ,Rajasthan,RJ_Pratapgarh,Pratapgarh,932,29,889,14,0,0,0,0,0,,
534,RJ,Rajasthan,RJ_Rajsamand,Rajsamand,2458,127,2299,32,0,0,0,0,0,,
535,RJ,Rajasthan,RJ_Sawai Madhopur,Sawai Madhopur,1152,90,1039,23,0,0,0,0,0,,
536,RJ,Rajasthan,RJ_Sikar,Sikar,6482,578,5844,60,0,0,0,0,0,,
537,RJ,Rajasthan,RJ_Sirohi,Sirohi,2536,151,2359,26,0,0,0,0,0,,
538,RJ,Rajasthan,RJ_Tonk,Tonk,1848,132,1690,26,0,0,0,0,0,,
539,RJ,Rajasthan,RJ_Udaipur,Udaipur,7003,280,6649,74,0,0,0,0,0,,
540,SK,Sikkim,SK_East Sikkim,East Sikkim,1446,337,1106,3,0,0,0,0,0,,
541,SK,Sikkim,SK_North Sikkim,North Sikkim,1,0,1,0,0,0,0,0,0,,
542,SK,Sikkim,SK_South Sikkim,South Sikkim,475,402,73,0,0,0,0,0,0,,
543,SK,Sikkim,SK_West Sikkim,West Sikkim,87,72,15,0,0,0,0,0,0,,
0,TG,Telangana,TG_Foreign Evacuees,Foreign Evacuees,33,33,0,0,0,0,0,0,0,District-wise numbers are out-dated as cumulative counts for each district are not reported in Telangana bulletin,
0,TG,Telangana,TG_Other State,Other State,250,250,0,0,0,0,0,0,0,District-wise numbers are out-dated as cumulative counts for each district are not reported in Telangana bulletin,
576,TG,Telangana,TG_Adilabad,Adilabad,2221,2206,15,0,0,0,0,0,0,District-wise numbers are out-dated as cumulative counts for each district are not reported in Telangana bulletin,
577,TG,Telangana,TG_Bhadradri Kothagudem,Bhadradri Kothagudem,6614,6610,4,0,0,0,0,0,0,District-wise numbers are out-dated as cumulative counts for each district are not reported in Telangana bulletin,
578,TG,Telangana,TG_Hyderabad,Hyderabad,70100,69772,305,23,0,0,0,0,0,District-wise numbers are out-dated as cumulative counts for each district are not reported in Telangana bulletin,
579,TG,Telangana,TG_Jagtial,Jagtial,4778,4776,2,0,0,0,0,0,0,District-wise numbers are out-dated as cumulative counts for each district are not reported in Telangana bulletin,
580,TG,Telangana,TG_Jangaon,Jangaon,2989,2988,1,0,0,0,0,0,0,District-wise numbers are out-dated as cumulative counts for each district are not reported in Telangana bulletin,
581,TG,Telangana,TG_Jayashankar Bhupalapally,Jayashankar Bhupalapally,1876,1876,0,0,0,0,0,0,0,District-wise numbers are out-dated as cumulative counts for each district are not reported in Telangana bulletin,
582,TG,Telangana,TG_Jogulamba Gadwal,Jogulamba Gadwal,3062,3036,25,1,0,0,0,0,0,District-wise numbers are out-dated as cumulative counts for each district are not reported in Telangana bulletin,
583,TG,Telangana,TG_Kamareddy,Kamareddy,4954,4946,8,0,0,0,0,0,0,District-wise numbers are out-dated as cumulative counts for each district are not reported in Telangana bulletin,
584,TG,Telangana,TG_Karimnagar,Karimnagar,11174,11158,16,0,0,0,0,0,0,District-wise numbers are out-dated as cumulative counts for each district are not reported in Telangana bulletin,
585,TG,Telangana,TG_Khammam,Khammam,8499,8496,3,0,0,0,0,0,0,District-wise numbers are out-dated as cumulative counts for each district are not reported in Telangana bulletin,
586,TG,Telangana,TG_Komaram Bheem,Komaram Bheem,1232,1230,2,0,0,0,0,0,0,District-wise numbers are out-dated as cumulative counts for each district are not reported in Telangana bulletin,
587,TG,Telangana,TG_Mahabubabad,Mahabubabad,4604,4603,1,0,0,0,0,0,0,District-wise numbers are out-dated as cumulative counts for each district are not reported in Telangana bulletin,
588,TG,Telangana,TG_Mahabubnagar,Mahabubnagar,4162,4154,8,0,0,0,0,0,0,District-wise numbers are out-dated as cumulative counts for each district are not reported in Telangana bulletin,
589,TG,Telangana,TG_Mancherial,Mancherial,4057,4056,0,1,0,0,0,0,0,District-wise numbers are out-dated as cumulative counts for each district are not reported in Telangana bulletin,
590,TG,Telangana,TG_Medak,Medak,2991,2987,4,0,0,0,0,0,0,District-wise numbers are out-dated as cumulative counts for each district are not reported in Telangana bulletin,
591,TG,Telangana,TG_Medchal Malkajgiri,Medchal Malkajgiri,15358,15348,9,1,0,0,0,0,0,District-wise numbers are out-dated as cumulative counts for each district are not reported in Telangana bulletin,
592,TG,Telangana,TG_Mulugu,Mulugu,2096,2094,2,0,0,0,0,0,0,District-wise numbers are out-dated as cumulative counts for each district are not reported in Telangana bulletin,
593,TG,Telangana,TG_Nagarkurnool,Nagarkurnool,3497,3495,2,0,0,0,0,0,0,District-wise numbers are out-dated as cumulative counts for each district are not reported in Telangana bulletin,
594,TG,Telangana,TG_Nalgonda,Nalgonda,10263,10251,12,0,0,0,0,0,0,District-wise numbers are out-dated as cumulative counts for each district are not reported in Telangana bulletin,
595,TG,Telangana,TG_Narayanpet,Narayanpet,1011,1010,0,1,0,0,0,0,0,District-wise numbers are out-dated as cumulative counts for each district are not reported in Telangana bulletin,
596,TG,Telangana,TG_Nirmal,Nirmal,2108,2095,13,0,0,0,0,0,0,District-wise numbers are out-dated as cumulative counts for each district are not reported in Telangana bulletin,
597,TG,Telangana,TG_Nizamabad,Nizamabad,7136,7106,30,0,0,0,0,0,0,District-wise numbers are out-dated as cumulative counts for each district are not reported in Telangana bulletin,
598,TG,Telangana,TG_Peddapalli,Peddapalli,4632,4631,1,0,0,0,0,0,0,District-wise numbers are out-dated as cumulative counts for each district are not reported in Telangana bulletin,
599,TG,Telangana,TG_Rajanna Sircilla,Rajanna Sircilla,4170,4168,2,0,0,0,0,0,0,District-wise numbers are out-dated as cumulative counts for each district are not reported in Telangana bulletin,
600,TG,Telangana,TG_Ranga Reddy,Ranga Reddy,20086,20067,17,2,0,0,0,0,0,District-wise numbers are out-dated as cumulative counts for each district are not reported in Telangana bulletin,
601,TG,Telangana,TG_Sangareddy,Sangareddy,6464,6458,6,0,0,0,0,0,0,District-wise numbers are out-dated as cumulative counts for each district are not reported in Telangana bulletin,
602,TG,Telangana,TG_Siddipet,Siddipet,6748,6747,1,0,0,0,0,0,0,District-wise numbers are out-dated as cumulative counts for each district are not reported in Telangana bulletin,
603,TG,Telangana,TG_Suryapet,Suryapet,5784,5760,24,0,0,0,0,0,0,District-wise numbers are out-dated as cumulative counts for each district are not reported in Telangana bulletin,
604,TG,Telangana,TG_Vikarabad,Vikarabad,1910,1894,15,1,0,0,0,0,0,District-wise numbers are out-dated as cumulative counts for each district are not reported in Telangana bulletin,
605,TG,Telangana,TG_Wanaparthy,Wanaparthy,3083,3083,0,0,0,0,0,0,0,District-wise numbers are out-dated as cumulative counts for each district are not reported in Telangana bulletin,
606,TG,Telangana,TG_Warangal Rural,Warangal Rural,2989,2989,0,0,0,0,0,0,0,District-wise numbers are out-dated as cumulative counts for each district are not reported in Telangana bulletin,
607,TG,Telangana,TG_Warangal Urban,Warangal Urban,9541,9518,23,0,0,0,0,0,0,District-wise numbers are out-dated as cumulative counts for each district are not reported in Telangana bulletin,
608,TG,Telangana,TG_Yadadri Bhuvanagiri,Yadadri Bhuvanagiri,3175,3175,0,0,0,0,0,0,0,District-wise numbers are out-dated as cumulative counts for each district are not reported in Telangana bulletin,
0,TN,Tamil Nadu,TN_Railway Quarantine,Railway Quarantine,428,0,428,0,0,0,0,0,0,,
0,TN,Tamil Nadu,TN_Airport Quarantine,Airport Quarantine,1907,2,1903,2,0,0,0,0,0,,
0,TN,Tamil Nadu,TN_Other State,Other State,0,-3,0,3,0,0,0,0,0,,
544,TN,Tamil Nadu,TN_Ariyalur,Ariyalur,4409,48,4314,47,0,0,0,0,0,,
732,TN,Tamil Nadu,TN_Chengalpattu,Chengalpattu,44296,1014,42597,685,0,0,0,0,0,,
545,TN,Tamil Nadu,TN_Chennai,Chennai,202495,6185,192631,3679,0,0,0,0,0,[July 22]: 444 backdated deceased entries added to Chennai in TN bulletin.,
546,TN,Tamil Nadu,TN_Coimbatore,Coimbatore,44209,1040,42601,568,0,0,0,0,0,,
547,TN,Tamil Nadu,TN_Cuddalore,Cuddalore,23382,215,22895,272,0,0,0,0,0,,
548,TN,Tamil Nadu,TN_Dharmapuri,Dharmapuri,5688,180,5459,49,0,0,0,0,0,,
549,TN,Tamil Nadu,TN_Dindigul,Dindigul,9858,96,9577,185,0,0,0,0,0,,
550,TN,Tamil Nadu,TN_Erode,Erode,10670,804,9736,130,0,0,0,0,0,,
734,TN,Tamil Nadu,TN_Kallakurichi,Kallakurichi,10365,158,10102,105,0,0,0,0,0,,
551,TN,Tamil Nadu,TN_Kancheepuram,Kancheepuram,25907,476,25032,399,0,0,0,0,0,,
552,TN,Tamil Nadu,TN_Kanyakumari,Kanyakumari,15069,269,14554,246,0,0,0,0,0,,
553,TN,Tamil Nadu,TN_Karur,Karur,4259,248,3966,45,0,0,0,0,0,,
554,TN,Tamil Nadu,TN_Krishnagiri,Krishnagiri,6690,274,6310,106,0,0,0,0,0,,
555,TN,Tamil Nadu,TN_Madurai,Madurai,18900,429,18049,422,0,0,0,0,0,,
556,TN,Tamil Nadu,TN_Nagapattinam,Nagapattinam,6846,293,6433,120,0,0,0,0,0,,
557,TN,Tamil Nadu,TN_Namakkal,Namakkal,9320,447,8777,96,0,0,0,0,0,,
564,TN,Tamil Nadu,TN_Nilgiris,Nilgiris,6800,282,6479,39,0,0,0,0,0,,
558,TN,Tamil Nadu,TN_Perambalur,Perambalur,2168,32,2115,21,0,0,0,0,0,,
559,TN,Tamil Nadu,TN_Pudukkottai,Pudukkottai,10688,200,10339,149,0,0,0,0,0,,
560,TN,Tamil Nadu,TN_Ramanathapuram,Ramanathapuram,6043,58,5855,130,0,0,0,0,0,,
733,TN,Tamil Nadu,TN_Ranipet,Ranipet,15008,255,14576,177,0,0,0,0,0,,
561,TN,Tamil Nadu,TN_Salem,Salem,27721,1223,26076,422,0,0,0,0,0,,
562,TN,Tamil Nadu,TN_Sivaganga,Sivaganga,5959,127,5706,126,0,0,0,0,0,,
731,TN,Tamil Nadu,TN_Tenkasi,Tenkasi,7868,60,7653,155,0,0,0,0,0,,
563,TN,Tamil Nadu,TN_Thanjavur,Thanjavur,15544,280,15043,221,0,0,0,0,0,,
565,TN,Tamil Nadu,TN_Theni,Theni,16299,75,16031,193,0,0,0,0,0,,
566,TN,Tamil Nadu,TN_Thiruvallur,Thiruvallur,38323,879,36818,626,0,0,0,0,0,,
567,TN,Tamil Nadu,TN_Thiruvarur,Thiruvarur,9806,271,9435,100,0,0,0,0,0,,
568,TN,Tamil Nadu,TN_Thoothukkudi,Thoothukkudi,15198,424,14644,130,0,0,0,0,0,,
569,TN,Tamil Nadu,TN_Tiruchirappalli,Tiruchirappalli,12663,347,12147,169,0,0,0,0,0,,
570,TN,Tamil Nadu,TN_Tirunelveli,Tirunelveli,14313,174,13931,208,0,0,0,0,0,,
735,TN,Tamil Nadu,TN_Tirupathur,Tirupathur,6771,200,6452,119,0,0,0,0,0,,
571,TN,Tamil Nadu,TN_Tiruppur,Tiruppur,13215,1039,11981,195,0,0,0,0,0,,
572,TN,Tamil Nadu,TN_Tiruvannamalai,Tiruvannamalai,17797,326,17208,263,0,0,0,0,0,,
573,TN,Tamil Nadu,TN_Vellore,Vellore,18150,377,17462,311,0,0,0,0,0,,
574,TN,Tamil Nadu,TN_Viluppuram,Viluppuram,13891,259,13523,109,0,0,0,0,0,,
575,TN,Tamil Nadu,TN_Virudhunagar,Virudhunagar,15506,91,15193,222,0,0,0,0,0,,
609,TR,Tripura,TR_Dhalai,Dhalai,3287,67,3203,16,1,0,0,0,0,,
610,TR,Tripura,TR_Gomati,Gomati,3742,220,3480,41,1,0,0,0,0,,
611,TR,Tripura,TR_Khowai,Khowai,1768,32,1706,30,0,0,0,0,0,,
612,TR,Tripura,TR_North Tripura,North Tripura,2594,120,2453,14,7,0,0,0,0,,
613,TR,Tripura,TR_Sipahijala,Sipahijala,2749,31,2690,28,0,0,0,0,0,,
614,TR,Tripura,TR_South Tripura,South Tripura,3473,349,3102,19,3,0,0,0,0,,
615,TR,Tripura,TR_Unokoti,Unokoti,2577,220,2337,20,0,0,0,0,0,,
616,TR,Tripura,TR_West Tripura,West Tripura,10912,283,10436,182,11,0,0,0,0,,
617,UP,Uttar Pradesh,UP_Agra,Agra,7444,429,6869,146,0,0,0,0,0,,
618,UP,Uttar Pradesh,UP_Aligarh,Aligarh,9631,299,9283,49,0,0,0,0,0,,
619,UP,Uttar Pradesh,UP_Ambedkar Nagar,Ambedkar Nagar,1738,85,1618,35,0,0,0,0,0,,
620,UP,Uttar Pradesh,UP_Amethi,Amethi,2992,120,2845,27,0,0,0,0,0,,
621,UP,Uttar Pradesh,UP_Amroha,Amroha,3837,237,3554,46,0,0,0,0,0,,
622,UP,Uttar Pradesh,UP_Auraiya,Auraiya,2847,174,2635,38,0,0,0,0,0,,
765,UP,Uttar Pradesh,UP_Ayodhya,Ayodhya,7115,241,6779,95,0,0,0,0,0,,
623,UP,Uttar Pradesh,UP_Azamgarh,Azamgarh,5421,170,5165,86,0,0,0,0,0,,
624,UP,Uttar Pradesh,UP_Baghpat,Baghpat,1586,115,1447,24,0,0,0,0,0,,
625,UP,Uttar Pradesh,UP_Bahraich,Bahraich,3732,141,3525,66,0,0,0,0,0,,
626,UP,Uttar Pradesh,UP_Ballia,Ballia,6876,275,6510,91,0,0,0,0,0,,
627,UP,Uttar Pradesh,UP_Balrampur,Balrampur,1825,93,1705,27,0,0,0,0,0,,
628,UP,Uttar Pradesh,UP_Banda,Banda,2817,192,2593,32,0,0,0,0,0,,
629,UP,Uttar Pradesh,UP_Barabanki,Barabanki,7075,180,6815,80,0,0,0,0,0,,
630,UP,Uttar Pradesh,UP_Bareilly,Bareilly,12171,467,11550,154,0,0,0,0,0,,
631,UP,Uttar Pradesh,UP_Basti,Basti,4586,224,4272,90,0,0,0,0,0,,
632,UP,Uttar Pradesh,UP_Bhadohi,Bhadohi,1946,114,1814,18,0,0,0,0,0,,
633,UP,Uttar Pradesh,UP_Bijnor,Bijnor,3571,248,3270,53,0,0,0,0,0,,
634,UP,Uttar Pradesh,UP_Budaun,Budaun,3194,151,3002,41,0,0,0,0,0,,
635,UP,Uttar Pradesh,UP_Bulandshahr,Bulandshahr,4693,357,4261,75,0,0,0,0,0,,
636,UP,Uttar Pradesh,UP_Chandauli,Chandauli,3863,111,3706,46,0,0,0,0,0,,
637,UP,Uttar Pradesh,UP_Chitrakoot,Chitrakoot,1834,113,1709,12,0,0,0,0,0,,
638,UP,Uttar Pradesh,UP_Deoria,Deoria,6308,173,6049,86,0,0,0,0,0,,
639,UP,Uttar Pradesh,UP_Etah,Etah,2094,170,1903,21,0,0,0,0,0,,
640,UP,Uttar Pradesh,UP_Etawah,Etawah,4890,197,4618,75,0,0,0,0,0,,
642,UP,Uttar Pradesh,UP_Farrukhabad,Farrukhabad,3989,226,3704,59,0,0,0,0,0,,
643,UP,Uttar Pradesh,UP_Fatehpur,Fatehpur,3075,233,2792,50,0,0,0,0,0,,
644,UP,Uttar Pradesh,UP_Firozabad,Firozabad,3085,118,2907,60,0,0,0,0,0,,
645,UP,Uttar Pradesh,UP_Gautam Buddha Nagar,Gautam Buddha Nagar,18679,1443,17168,68,0,0,0,0,0,,
646,UP,Uttar Pradesh,UP_Ghaziabad,Ghaziabad,19120,1146,17890,84,0,0,0,0,0,,
647,UP,Uttar Pradesh,UP_Ghazipur,Ghazipur,4499,150,4282,67,0,0,0,0,0,,
648,UP,Uttar Pradesh,UP_Gonda,Gonda,4510,169,4289,52,0,0,0,0,0,,
649,UP,Uttar Pradesh,UP_Gorakhpur,Gorakhpur,19143,577,18261,305,0,0,0,0,0,,
650,UP,Uttar Pradesh,UP_Hamirpur,Hamirpur,1325,60,1246,19,0,0,0,0,0,,
651,UP,Uttar Pradesh,UP_Hapur,Hapur,3393,199,3136,58,0,0,0,0,0,,
652,UP,Uttar Pradesh,UP_Hardoi,Hardoi,5314,182,5038,94,0,0,0,0,0,,
653,UP,Uttar Pradesh,UP_Hathras,Hathras,1136,28,1101,7,0,0,0,0,0,,
654,UP,Uttar Pradesh,UP_Jalaun,Jalaun,2983,187,2760,36,0,0,0,0,0,,
655,UP,Uttar Pradesh,UP_Jaunpur,Jaunpur,5888,258,5545,85,0,0,0,0,0,,
656,UP,Uttar Pradesh,UP_Jhansi,Jhansi,8482,276,8035,171,0,0,0,0,0,,
657,UP,Uttar Pradesh,UP_Kannauj,Kannauj,3068,94,2932,42,0,0,0,0,0,,
658,UP,Uttar Pradesh,UP_Kanpur Dehat,Kanpur Dehat,1868,227,1614,27,0,0,0,0,0,,
659,UP,Uttar Pradesh,UP_Kanpur Nagar,Kanpur Nagar,28082,611,26737,734,0,0,0,0,0,,
660,UP,Uttar Pradesh,UP_Kasganj,Kasganj,1686,180,1501,5,0,0,0,0,0,,
661,UP,Uttar Pradesh,UP_Kaushambi,Kaushambi,1957,79,1855,23,0,0,0,0,0,,
663,UP,Uttar Pradesh,UP_Kushinagar,Kushinagar,5391,223,5111,57,0,0,0,0,0,,
662,UP,Uttar Pradesh,UP_Lakhimpur Kheri,Lakhimpur Kheri,6774,350,6350,74,0,0,0,0,0,,
664,UP,Uttar Pradesh,UP_Lalitpur,Lalitpur,2882,47,2792,43,0,0,0,0,0,,
665,UP,Uttar Pradesh,UP_Lucknow,Lucknow,64311,3096,60321,894,0,0,0,0,0,,
667,UP,Uttar Pradesh,UP_Maharajganj,Maharajganj,5500,134,5278,88,0,0,0,0,0,,
666,UP,Uttar Pradesh,UP_Mahoba,Mahoba,1077,38,1030,9,0,0,0,0,0,,
668,UP,Uttar Pradesh,UP_Mainpuri,Mainpuri,3186,155,2980,51,0,0,0,0,0,,
669,UP,Uttar Pradesh,UP_Mathura,Mathura,5117,352,4669,96,0,0,0,0,0,,
670,UP,Uttar Pradesh,UP_Mau,Mau,2831,78,2717,36,0,0,0,0,0,,
671,UP,Uttar Pradesh,UP_Meerut,Meerut,14149,1498,12316,335,0,0,0,0,0,,
672,UP,Uttar Pradesh,UP_Mirzapur,Mirzapur,2914,137,2740,37,0,0,0,0,0,,
673,UP,Uttar Pradesh,UP_Moradabad,Moradabad,10457,245,10045,167,0,0,0,0,0,,
674,UP,Uttar Pradesh,UP_Muzaffarnagar,Muzaffarnagar,6141,313,5748,80,0,0,0,0,0,,
675,UP,Uttar Pradesh,UP_Pilibhit,Pilibhit,3746,73,3600,73,0,0,0,0,0,,
676,UP,Uttar Pradesh,UP_Pratapgarh,Pratapgarh,4520,238,4226,56,0,0,0,0,0,,
677,UP,Uttar Pradesh,UP_Prayagraj,Prayagraj,24188,855,23006,327,0,0,0,0,0,,
678,UP,Uttar Pradesh,UP_Rae Bareli,Rae Bareli,3996,264,3637,95,0,0,0,0,0,,
679,UP,Uttar Pradesh,UP_Rampur,Rampur,5052,90,4914,48,0,0,0,0,0,,
680,UP,Uttar Pradesh,UP_Saharanpur,Saharanpur,7914,242,7553,119,0,0,0,0,0,,
681,UP,Uttar Pradesh,UP_Sambhal,Sambhal,2773,169,2565,39,0,0,0,0,0,,
682,UP,Uttar Pradesh,UP_Sant Kabir Nagar,Sant Kabir Nagar,2984,54,2888,42,0,0,0,0,0,,
683,UP,Uttar Pradesh,UP_Shahjahanpur,Shahjahanpur,6374,121,6158,95,0,0,0,0,0,,
684,UP,Uttar Pradesh,UP_Shamli,Shamli,2879,100,2752,27,0,0,0,0,0,,
685,UP,Uttar Pradesh,UP_Shrawasti,Shrawasti,1124,62,1049,13,0,0,0,0,0,,
686,UP,Uttar Pradesh,UP_Siddharthnagar,Siddharthnagar,3767,124,3599,44,0,0,0,0,0,,
687,UP,Uttar Pradesh,UP_Sitapur,Sitapur,4227,183,3979,65,0,0,0,0,0,,
688,UP,Uttar Pradesh,UP_Sonbhadra,Sonbhadra,3869,459,3355,55,0,0,0,0,0,,
689,UP,Uttar Pradesh,UP_Sultanpur,Sultanpur,4021,228,3728,65,0,0,0,0,0,,
690,UP,Uttar Pradesh,UP_Unnao,Unnao,4044,274,3695,75,0,0,0,0,0,,
691,UP,Uttar Pradesh,UP_Varanasi,Varanasi,17926,955,16631,340,0,0,0,0,0,,
692,UT,Uttarakhand,UT_Almora,Almora,1892,112,1744,10,26,0,0,0,0,,
693,UT,Uttarakhand,UT_Bageshwar,Bageshwar,956,103,845,8,0,0,0,0,0,,
694,UT,Uttarakhand,UT_Chamoli,Chamoli,1895,223,1646,1,25,0,0,0,0,,
695,UT,Uttarakhand,UT_Champawat,Champawat,1158,108,1036,6,8,0,0,0,0,,
696,UT,Uttarakhand,UT_Dehradun,Dehradun,17573,638,16172,596,167,0,0,0,0,,
697,UT,Uttarakhand,UT_Haridwar,Haridwar,11115,445,10482,124,64,0,0,0,0,,
698,UT,Uttarakhand,UT_Nainital,Nainital,7442,448,6809,146,39,0,0,0,0,,
699,UT,Uttarakhand,UT_Pauri Garhwal,Pauri Garhwal,3127,469,2603,31,24,0,0,0,0,,
700,UT,Uttarakhand,UT_Pithoragarh,Pithoragarh,1533,200,1327,6,0,0,0,0,0,,
701,UT,Uttarakhand,UT_Rudraprayag,Rudraprayag,1375,287,1083,3,2,0,0,0,0,,
702,UT,Uttarakhand,UT_Tehri Garhwal,Tehri Garhwal,3161,274,2866,5,16,0,0,0,0,,
703,UT,Uttarakhand,UT_Udham Singh Nagar,Udham Singh Nagar,9604,320,9092,93,99,0,0,0,0,,
704,UT,Uttarakhand,UT_Uttarkashi,Uttarkashi,2754,191,2516,9,38,0,0,0,0,,
705,WB,West Bengal,WB_Alipurduar,Alipurduar,6550,240,6233,77,0,34,-13,46,1,,
706,WB,West Bengal,WB_Bankura,Bankura,8319,739,7503,77,0,72,-159,231,0,,
707,WB,West Bengal,WB_Birbhum,Birbhum,6575,627,5892,56,0,84,-172,255,1,,
708,WB,West Bengal,WB_Cooch Behar,Cooch Behar,9037,957,8026,54,0,85,1,84,0,,
709,WB,West Bengal,WB_Dakshin Dinajpur,Dakshin Dinajpur,7139,407,6678,54,0,35,-9,44,0,,
710,WB,West Bengal,WB_Darjeeling,Darjeeling,12187,1410,10634,143,0,136,32,103,1,,
711,WB,West Bengal,WB_Hooghly,Hooghly,19227,1663,17228,336,0,222,70,148,4,,
712,WB,West Bengal,WB_Howrah,Howrah,26575,2065,23747,763,0,270,47,216,7,,
713,WB,West Bengal,WB_Jalpaiguri,Jalpaiguri,9582,1063,8427,92,0,102,35,66,1,,
714,WB,West Bengal,WB_Jhargram,Jhargram,1948,235,1701,12,0,39,-27,66,0,,
715,WB,West Bengal,WB_Kalimpong,Kalimpong,1480,78,1387,15,0,11,-18,29,0,,
716,WB,West Bengal,WB_Kolkata,Kolkata,85690,7099,76317,2274,0,855,115,725,15,,
717,WB,West Bengal,WB_Malda,Malda,10200,1066,9046,88,0,54,44,10,0,,
719,WB,West Bengal,WB_Murshidabad,Murshidabad,9137,836,8201,100,0,82,-62,144,0,,
720,WB,West Bengal,WB_Nadia,Nadia,13163,1838,11162,163,0,192,-139,328,3,,
721,WB,West Bengal,WB_North 24 Parganas,North 24 Parganas,80561,6751,72164,1646,0,836,99,723,14,,
0,WB,West Bengal,WB_Other State,Other State,66,0,63,3,0,0,0,0,0,,
722,WB,West Bengal,WB_Paschim Bardhaman,Paschim Bardhaman,10861,1220,9535,106,0,110,16,93,1,,
718,WB,West Bengal,WB_Paschim Medinipur,Paschim Medinipur,15122,1790,13112,220,0,218,16,198,4,,
723,WB,West Bengal,WB_Purba Bardhaman,Purba Bardhaman,8257,956,7227,74,0,76,-75,151,0,,
724,WB,West Bengal,WB_Purba Medinipur,Purba Medinipur,15551,1516,13834,201,0,98,1,97,0,,
725,WB,West Bengal,WB_Purulia,Purulia,5377,493,4854,30,0,23,-21,44,0,,
726,WB,West Bengal,WB_South 24 Parganas,South 24 Parganas,25971,2546,22941,484,0,270,-72,340,2,,
727,WB,West Bengal,WB_Uttar Dinajpur,Uttar Dinajpur,4949,358,4537,54,0,44,-2,46,0,,
728,AN,Andaman and Nicobar Islands,AN_Unknown,Unknown,4337,147,4130,60,0,0,0,0,0,,
729,AP,Andhra Pradesh,AP_Unknown,Unknown,0,0,0,0,0,0,0,0,0,,
730,AR,Arunachal Pradesh,AR_Unknown,Unknown,0,0,0,0,0,0,0,0,0,,
731,AS,Assam,AS_Unknown,Unknown,95755,-58035,153542,245,3,0,0,0,0,,
732,BR,Bihar,BR_Unknown,Unknown,0,0,0,0,0,0,0,0,0,,
733,CH,Chandigarh,CH_Unknown,Unknown,0,0,0,0,0,0,0,0,0,,
734,CT,Chhattisgarh,CT_Unknown,Unknown,0,0,0,0,0,0,0,0,0,,
735,DN,Dadra and Nagar Haveli and Daman and Diu,DN_Unknown,Unknown,0,0,0,0,0,0,0,0,0,,
737,DL,Delhi,DL_Unknown,Unknown,415865,37942,371155,6768,0,0,0,0,0,,
738,GA,Goa,GA_Unknown,Unknown,38165,-1561,39288,438,0,0,0,0,0,,
739,GJ,Gujarat,GJ_Unknown,Unknown,0,0,0,0,0,0,0,0,0,,
740,HR,Haryana,HR_Unknown,Unknown,0,0,0,0,0,0,0,0,0,,
741,HP,Himachal Pradesh,HP_Unknown,Unknown,0,-3,0,0,3,0,0,0,0,,
742,JK,Jammu and Kashmir,JK_Unknown,Unknown,0,0,0,0,0,0,0,0,0,,
743,JH,Jharkhand,JH_Unknown,Unknown,0,0,0,0,0,0,0,0,0,,
744,KA,Karnataka,KA_Unknown,Unknown,0,0,0,0,0,0,0,0,0,,
745,KL,Kerala,KL_Unknown,Unknown,0,0,0,0,0,0,0,0,0,,
746,LA,Ladakh,LA_Unknown,Unknown,0,-1,0,1,0,0,0,0,0,,
747,LD,Lakshadweep,LD_Unknown,Unknown,0,0,0,0,0,0,0,0,0,,
748,MP,Madhya Pradesh,MP_Unknown,Unknown,0,0,0,0,0,0,0,0,0,,
749,MH,Maharashtra,MH_Unknown,Unknown,5246,-6148,11277,117,0,0,0,0,0,,
750,MN,Manipur,MN_Unknown,Unknown,425,-13451,13828,48,0,0,0,0,0,,
751,ML,Meghalaya,ML_Unknown,Unknown,0,0,0,0,0,0,0,0,0,,
752,MZ,Mizoram,MZ_Unknown,Unknown,0,0,0,0,0,0,0,0,0,,
753,NL,Nagaland,NL_Unknown,Unknown,0,0,0,0,0,0,0,0,0,,
754,OR,Odisha,OR_Unknown,Unknown,0,0,0,0,0,0,0,0,0,,
755,PY,Puducherry,PY_Unknown,Unknown,0,0,0,0,0,0,0,0,0,,
756,PB,Punjab,PB_Unknown,Unknown,0,0,0,0,0,0,0,0,0,,
757,RJ,Rajasthan,RJ_Unknown,Unknown,0,0,0,0,0,0,0,0,0,,
758,SK,Sikkim,SK_Unknown,Unknown,2057,-557,2462,70,82,0,0,0,0,,
759,TN,Tamil Nadu,TN_Unknown,Unknown,0,0,0,0,0,0,0,0,0,,
760,TG,Telangana,TG_Unknown,Unknown,496,-224966,224135,1327,0,0,0,0,0,,
761,TR,Tripura,TR_Unknown,Unknown,0,0,0,0,0,0,0,0,0,,
762,UP,Uttar Pradesh,UP_Unknown,Unknown,0,0,0,0,0,0,0,0,0,,
763,UT,Uttarakhand,UT_Unknown,Unknown,0,0,0,0,0,0,0,0,0,,
764,WB,West Bengal,WB_Unknown,Unknown,0,0,0,0,0,0,0,0,0,,